ANO,MES,COD_MUNICIPIO,NOME_MUNICIPIO,CD_ORGAO,NOME_ORGAO,CD_RECEBIMENTO,CD_ORGAO_ORCAMENTARIO,NOME_ORGAO_ORCAMENTARIO,CD_UNIDADE_ORCAMENTARIA,NOME_UNIDADE,TP_UNIDADE,CD_FUNCAO,DS_FUNCAO,CD_SUBFUNCAO,DS_SUBFUNCAO,CD_PROGRAMA,DS_PROGRAMA,CD_PROJETO,NM_PROJETO,CD_ELEMENTO,CD_RECURSO,NM_RECURSO,VL_DOTACAO_INICIAL,VL_ATUALIZACAO_MONETARIA,VL_CREDITOS_SUPLEMENTARES,VL_CREDITOS_ESPECIAIS,VL_CREDITOS_EXTRAORDINARIOS,VL_REDUCAO_DOTACAO,VL_SUPLEMENTACAO_RECURSO,VL_REDUCAO_RECURSO,VL_EMPENHADO,VL_LIQUIDADO,VL_PAGO,VL_LIMITADO,VL_RECOMPOSICAO,VL_PREVISAO_EXECUCAO
2019,12,149,PORTO ALEGRE,54909,DEP. MUNICIPAL DE HABITAÇÃO - PORTO ALEGRE,207922,31,DEPARTAMENTO MUNICIPAL DE HABITAÇÃO,1,DEPARTAMENTO MUNICIPAL DE HABITAÇÃO,ATE,4,ADMINISTRAÇÃO,122,ADMINISTRAÇÃO GERAL,179,GESTÃO DE PESSOAS,2847,ATENÇÃO À SAÚDE DO SERVIDOR - DEMHAB,3.3.90.39,1,RECURSO LIVRE - ADMINISTRAÇÃO DIRETA,488501.00,0.00,0.00,0.00,0.00,0.00,0.00,0.00,475752.74,400468.38,400468.38,0.00,0.00,0.00
2019,12,149,PORTO ALEGRE,54909,DEP. MUNICIPAL DE HABITAÇÃO - PORTO ALEGRE,207922,31,DEPARTAMENTO MUNICIPAL DE HABITAÇÃO,1,DEPARTAMENTO MUNICIPAL DE HABITAÇÃO,ATE,4,ADMINISTRAÇÃO,122,ADMINISTRAÇÃO GERAL,179,GESTÃO DE PESSOAS,2847,ATENÇÃO À SAÚDE DO SERVIDOR - DEMHAB,3.3.90.92,1,RECURSO LIVRE - ADMINISTRAÇÃO DIRETA,1000.00,0.00,0.00,0.00,0.00,0.00,0.00,0.00,0.00,0.00,0.00,0.00,0.00,0.00
2019,12,149,PORTO ALEGRE,54909,DEP. MUNICIPAL DE HABITAÇÃO - PORTO ALEGRE,207922,31,DEPARTAMENTO MUNICIPAL DE HABITAÇÃO,1,DEPARTAMENTO MUNICIPAL DE HABITAÇÃO,ATE,4,ADMINISTRAÇÃO,128,FORMAÇÃO DE RECURSOS HUMANOS,179,GESTÃO DE PESSOAS,4133,GESTÃO DE RECURSOS HUMANOS - DEMHAB,3.3.90.39,1,RECURSO LIVRE - ADMINISTRAÇÃO DIRETA,20000.00,0.00,0.00,0.00,0.00,0.00,0.00,0.00,0.00,0.00,0.00,0.00,0.00,0.00
2019,12,149,PORTO ALEGRE,54909,DEP. MUNICIPAL DE HABITAÇÃO - PORTO ALEGRE,207922,31,DEPARTAMENTO MUNICIPAL DE HABITAÇÃO,1,DEPARTAMENTO MUNICIPAL DE HABITAÇÃO,ATE,16,HABITAÇÃO,122,ADMINISTRAÇÃO GERAL,178,"GESTÃO DE PROCESSOS, TECNOLOGIA E TRANSPARÊNCIA",2587,ADMINISTRAÇÃO GERAL - DEMHAB,3.3.20.93,1,RECURSO LIVRE - ADMINISTRAÇÃO DIRETA,100.00,0.00,0.00,0.00,0.00,0.00,0.00,0.00,0.00,0.00,0.00,0.00,0.00,0.00
2019,12,149,PORTO ALEGRE,54909,DEP. MUNICIPAL DE HABITAÇÃO - PORTO ALEGRE,207922,31,DEPARTAMENTO MUNICIPAL DE HABITAÇÃO,1,DEPARTAMENTO MUNICIPAL DE HABITAÇÃO,ATE,16,HABITAÇÃO,122,ADMINISTRAÇÃO GERAL,178,"GESTÃO DE PROCESSOS, TECNOLOGIA E TRANSPARÊNCIA",2587,ADMINISTRAÇÃO GERAL - DEMHAB,3.3.30.93,1,RECURSO LIVRE - ADMINISTRAÇÃO DIRETA,100.00,0.00,0.00,0.00,0.00,0.00,0.00,0.00,0.00,0.00,0.00,0.00,0.00,0.00
2019,12,149,PORTO ALEGRE,54909,DEP. MUNICIPAL DE HABITAÇÃO - PORTO ALEGRE,207922,31,DEPARTAMENTO MUNICIPAL DE HABITAÇÃO,1,DEPARTAMENTO MUNICIPAL DE HABITAÇÃO,ATE,16,HABITAÇÃO,122,ADMINISTRAÇÃO GERAL,178,"GESTÃO DE PROCESSOS, TECNOLOGIA E TRANSPARÊNCIA",2587,ADMINISTRAÇÃO GERAL - DEMHAB,3.3.50.41,1,RECURSO LIVRE - ADMINISTRAÇÃO DIRETA,100.00,0.00,0.00,0.00,0.00,0.00,0.00,0.00,0.00,0.00,0.00,0.00,0.00,0.00
2019,12,149,PORTO ALEGRE,54909,DEP. MUNICIPAL DE HABITAÇÃO - PORTO ALEGRE,207922,31,DEPARTAMENTO MUNICIPAL DE HABITAÇÃO,1,DEPARTAMENTO MUNICIPAL DE HABITAÇÃO,ATE,16,HABITAÇÃO,122,ADMINISTRAÇÃO GERAL,178,"GESTÃO DE PROCESSOS, TECNOLOGIA E TRANSPARÊNCIA",2587,ADMINISTRAÇÃO GERAL - DEMHAB,3.3.90.14,1,RECURSO LIVRE - ADMINISTRAÇÃO DIRETA,5000.00,0.00,0.00,0.00,0.00,0.00,0.00,0.00,3656.33,3656.33,3656.33,0.00,0.00,0.00
2019,12,149,PORTO ALEGRE,54909,DEP. MUNICIPAL DE HABITAÇÃO - PORTO ALEGRE,207922,31,DEPARTAMENTO MUNICIPAL DE HABITAÇÃO,1,DEPARTAMENTO MUNICIPAL DE HABITAÇÃO,ATE,16,HABITAÇÃO,122,ADMINISTRAÇÃO GERAL,178,"GESTÃO DE PROCESSOS, TECNOLOGIA E TRANSPARÊNCIA",2587,ADMINISTRAÇÃO GERAL - DEMHAB,3.3.90.30,1,RECURSO LIVRE - ADMINISTRAÇÃO DIRETA,36956.00,0.00,0.00,0.00,0.00,0.00,45570.00,0.00,61640.00,49319.45,38329.00,0.00,0.00,0.00
2019,12,149,PORTO ALEGRE,54909,DEP. MUNICIPAL DE HABITAÇÃO - PORTO ALEGRE,207922,31,DEPARTAMENTO MUNICIPAL DE HABITAÇÃO,1,DEPARTAMENTO MUNICIPAL DE HABITAÇÃO,ATE,16,HABITAÇÃO,122,ADMINISTRAÇÃO GERAL,178,"GESTÃO DE PROCESSOS, TECNOLOGIA E TRANSPARÊNCIA",2587,ADMINISTRAÇÃO GERAL - DEMHAB,3.3.90.33,1,RECURSO LIVRE - ADMINISTRAÇÃO DIRETA,5000.00,0.00,0.00,0.00,0.00,0.00,22500.00,0.00,14852.01,10047.04,10047.04,0.00,0.00,0.00
2019,12,149,PORTO ALEGRE,54909,DEP. MUNICIPAL DE HABITAÇÃO - PORTO ALEGRE,207922,31,DEPARTAMENTO MUNICIPAL DE HABITAÇÃO,1,DEPARTAMENTO MUNICIPAL DE HABITAÇÃO,ATE,16,HABITAÇÃO,122,ADMINISTRAÇÃO GERAL,178,"GESTÃO DE PROCESSOS, TECNOLOGIA E TRANSPARÊNCIA",2587,ADMINISTRAÇÃO GERAL - DEMHAB,3.3.90.35,1,RECURSO LIVRE - ADMINISTRAÇÃO DIRETA,5000.00,0.00,0.00,0.00,0.00,0.00,0.00,0.00,0.00,0.00,0.00,0.00,0.00,0.00
2019,12,149,PORTO ALEGRE,54909,DEP. MUNICIPAL DE HABITAÇÃO - PORTO ALEGRE,207922,31,DEPARTAMENTO MUNICIPAL DE HABITAÇÃO,1,DEPARTAMENTO MUNICIPAL DE HABITAÇÃO,ATE,16,HABITAÇÃO,122,ADMINISTRAÇÃO GERAL,178,"GESTÃO DE PROCESSOS, TECNOLOGIA E TRANSPARÊNCIA",2587,ADMINISTRAÇÃO GERAL - DEMHAB,3.3.90.37,1,RECURSO LIVRE - ADMINISTRAÇÃO DIRETA,1021335.00,0.00,0.00,0.00,0.00,0.00,0.00,200070.00,104642.73,74809.94,74809.94,0.00,0.00,0.00
2019,12,149,PORTO ALEGRE,54909,DEP. MUNICIPAL DE HABITAÇÃO - PORTO ALEGRE,207922,31,DEPARTAMENTO MUNICIPAL DE HABITAÇÃO,1,DEPARTAMENTO MUNICIPAL DE HABITAÇÃO,ATE,16,HABITAÇÃO,122,ADMINISTRAÇÃO GERAL,178,"GESTÃO DE PROCESSOS, TECNOLOGIA E TRANSPARÊNCIA",2587,ADMINISTRAÇÃO GERAL - DEMHAB,3.3.90.39,1,RECURSO LIVRE - ADMINISTRAÇÃO DIRETA,1668289.00,0.00,0.00,0.00,0.00,14500.00,15600.00,13800.00,1163235.06,1035523.25,1016025.69,0.00,0.00,0.00
2019,12,149,PORTO ALEGRE,54909,DEP. MUNICIPAL DE HABITAÇÃO - PORTO ALEGRE,207922,31,DEPARTAMENTO MUNICIPAL DE HABITAÇÃO,1,DEPARTAMENTO MUNICIPAL DE HABITAÇÃO,ATE,16,HABITAÇÃO,122,ADMINISTRAÇÃO GERAL,178,"GESTÃO DE PROCESSOS, TECNOLOGIA E TRANSPARÊNCIA",2587,ADMINISTRAÇÃO GERAL - DEMHAB,3.3.90.39,400,RECURSO LIVRE - ADMINISTRAÇÃO INDIRETA,31000.00,0.00,56999.18,0.00,0.00,0.00,3060.82,3200.00,87860.00,85435.93,85435.93,0.00,0.00,0.00
2019,12,149,PORTO ALEGRE,54909,DEP. MUNICIPAL DE HABITAÇÃO - PORTO ALEGRE,207922,31,DEPARTAMENTO MUNICIPAL DE HABITAÇÃO,1,DEPARTAMENTO MUNICIPAL DE HABITAÇÃO,ATE,16,HABITAÇÃO,122,ADMINISTRAÇÃO GERAL,178,"GESTÃO DE PROCESSOS, TECNOLOGIA E TRANSPARÊNCIA",2587,ADMINISTRAÇÃO GERAL - DEMHAB,3.3.90.40,1,RECURSO LIVRE - ADMINISTRAÇÃO DIRETA,87421.00,0.00,0.00,0.00,0.00,0.00,0.00,0.00,42719.26,33810.32,33810.32,0.00,0.00,0.00
2019,12,149,PORTO ALEGRE,54909,DEP. MUNICIPAL DE HABITAÇÃO - PORTO ALEGRE,207922,31,DEPARTAMENTO MUNICIPAL DE HABITAÇÃO,1,DEPARTAMENTO MUNICIPAL DE HABITAÇÃO,ATE,16,HABITAÇÃO,122,ADMINISTRAÇÃO GERAL,178,"GESTÃO DE PROCESSOS, TECNOLOGIA E TRANSPARÊNCIA",2587,ADMINISTRAÇÃO GERAL - DEMHAB,3.3.90.92,1,RECURSO LIVRE - ADMINISTRAÇÃO DIRETA,1000.00,0.00,0.00,0.00,0.00,0.00,130200.00,0.00,127621.93,127621.93,126000.39,0.00,0.00,0.00
2019,12,149,PORTO ALEGRE,54909,DEP. MUNICIPAL DE HABITAÇÃO - PORTO ALEGRE,207922,31,DEPARTAMENTO MUNICIPAL DE HABITAÇÃO,1,DEPARTAMENTO MUNICIPAL DE HABITAÇÃO,ATE,16,HABITAÇÃO,122,ADMINISTRAÇÃO GERAL,178,"GESTÃO DE PROCESSOS, TECNOLOGIA E TRANSPARÊNCIA",2587,ADMINISTRAÇÃO GERAL - DEMHAB,3.3.90.92,400,RECURSO LIVRE - ADMINISTRAÇÃO INDIRETA,1000.00,0.00,0.00,0.00,0.00,0.00,3200.00,3060.82,1139.18,1139.18,1139.18,0.00,0.00,0.00
2019,12,149,PORTO ALEGRE,54909,DEP. MUNICIPAL DE HABITAÇÃO - PORTO ALEGRE,207922,31,DEPARTAMENTO MUNICIPAL DE HABITAÇÃO,1,DEPARTAMENTO MUNICIPAL DE HABITAÇÃO,ATE,16,HABITAÇÃO,122,ADMINISTRAÇÃO GERAL,178,"GESTÃO DE PROCESSOS, TECNOLOGIA E TRANSPARÊNCIA",2587,ADMINISTRAÇÃO GERAL - DEMHAB,3.3.91.39,1,RECURSO LIVRE - ADMINISTRAÇÃO DIRETA,1000.00,0.00,14500.00,0.00,0.00,0.00,0.00,500.00,6958.25,3223.72,2216.20,0.00,0.00,0.00
2019,12,149,PORTO ALEGRE,54909,DEP. MUNICIPAL DE HABITAÇÃO - PORTO ALEGRE,207922,31,DEPARTAMENTO MUNICIPAL DE HABITAÇÃO,1,DEPARTAMENTO MUNICIPAL DE HABITAÇÃO,ATE,16,HABITAÇÃO,122,ADMINISTRAÇÃO GERAL,178,"GESTÃO DE PROCESSOS, TECNOLOGIA E TRANSPARÊNCIA",2587,ADMINISTRAÇÃO GERAL - DEMHAB,3.3.91.92,1,RECURSO LIVRE - ADMINISTRAÇÃO DIRETA,0.00,0.00,0.00,0.00,0.00,0.00,1500.00,0.00,0.00,0.00,0.00,0.00,0.00,0.00
2019,12,149,PORTO ALEGRE,54909,DEP. MUNICIPAL DE HABITAÇÃO - PORTO ALEGRE,207922,31,DEPARTAMENTO MUNICIPAL DE HABITAÇÃO,1,DEPARTAMENTO MUNICIPAL DE HABITAÇÃO,ATE,16,HABITAÇÃO,122,ADMINISTRAÇÃO GERAL,178,"GESTÃO DE PROCESSOS, TECNOLOGIA E TRANSPARÊNCIA",2587,ADMINISTRAÇÃO GERAL - DEMHAB,3.3.91.93,1,RECURSO LIVRE - ADMINISTRAÇÃO DIRETA,1000.00,0.00,298477.00,0.00,0.00,0.00,500.00,1500.00,298477.00,223857.75,223857.75,0.00,0.00,0.00
2019,12,149,PORTO ALEGRE,54909,DEP. MUNICIPAL DE HABITAÇÃO - PORTO ALEGRE,207922,31,DEPARTAMENTO MUNICIPAL DE HABITAÇÃO,1,DEPARTAMENTO MUNICIPAL DE HABITAÇÃO,ATE,16,HABITAÇÃO,122,ADMINISTRAÇÃO GERAL,178,"GESTÃO DE PROCESSOS, TECNOLOGIA E TRANSPARÊNCIA",2587,ADMINISTRAÇÃO GERAL - DEMHAB,4.4.90.51,400,RECURSO LIVRE - ADMINISTRAÇÃO INDIRETA,1000.00,0.00,0.00,0.00,0.00,0.00,0.00,0.00,0.00,0.00,0.00,0.00,0.00,0.00
2019,12,149,PORTO ALEGRE,54909,DEP. MUNICIPAL DE HABITAÇÃO - PORTO ALEGRE,207922,31,DEPARTAMENTO MUNICIPAL DE HABITAÇÃO,1,DEPARTAMENTO MUNICIPAL DE HABITAÇÃO,ATE,16,HABITAÇÃO,122,ADMINISTRAÇÃO GERAL,178,"GESTÃO DE PROCESSOS, TECNOLOGIA E TRANSPARÊNCIA",2587,ADMINISTRAÇÃO GERAL - DEMHAB,4.4.90.52,1,RECURSO LIVRE - ADMINISTRAÇÃO DIRETA,1000.00,0.00,0.00,0.00,0.00,0.00,0.00,0.00,0.00,0.00,0.00,0.00,0.00,0.00
2019,12,149,PORTO ALEGRE,54909,DEP. MUNICIPAL DE HABITAÇÃO - PORTO ALEGRE,207922,31,DEPARTAMENTO MUNICIPAL DE HABITAÇÃO,1,DEPARTAMENTO MUNICIPAL DE HABITAÇÃO,ATE,16,HABITAÇÃO,122,ADMINISTRAÇÃO GERAL,178,"GESTÃO DE PROCESSOS, TECNOLOGIA E TRANSPARÊNCIA",2587,ADMINISTRAÇÃO GERAL - DEMHAB,4.4.90.52,400,RECURSO LIVRE - ADMINISTRAÇÃO INDIRETA,5000.00,0.00,0.00,0.00,0.00,0.00,0.00,0.00,0.00,0.00,0.00,0.00,0.00,0.00
2019,12,149,PORTO ALEGRE,54909,DEP. MUNICIPAL DE HABITAÇÃO - PORTO ALEGRE,207922,31,DEPARTAMENTO MUNICIPAL DE HABITAÇÃO,1,DEPARTAMENTO MUNICIPAL DE HABITAÇÃO,ATE,16,HABITAÇÃO,122,ADMINISTRAÇÃO GERAL,178,"GESTÃO DE PROCESSOS, TECNOLOGIA E TRANSPARÊNCIA",2587,ADMINISTRAÇÃO GERAL - DEMHAB,4.4.90.61,400,RECURSO LIVRE - ADMINISTRAÇÃO INDIRETA,1000.00,0.00,0.00,0.00,0.00,0.00,0.00,0.00,0.00,0.00,0.00,0.00,0.00,0.00
2019,12,149,PORTO ALEGRE,54909,DEP. MUNICIPAL DE HABITAÇÃO - PORTO ALEGRE,207922,31,DEPARTAMENTO MUNICIPAL DE HABITAÇÃO,3,FUNDO MUNICIPAL DE HABITAÇÃO E INTERESSE SOCIAL - FMHIS,ATE,16,HABITAÇÃO,122,ADMINISTRAÇÃO GERAL,178,"GESTÃO DE PROCESSOS, TECNOLOGIA E TRANSPARÊNCIA",2788,ADMINISTRAÇÃO GERAL - FMHIS,3.3.90.39,1,RECURSO LIVRE - ADMINISTRAÇÃO DIRETA,0.00,0.00,0.00,0.00,0.00,0.00,3060.00,0.00,60.00,60.00,60.00,0.00,0.00,0.00
2019,12,149,PORTO ALEGRE,54909,DEP. MUNICIPAL DE HABITAÇÃO - PORTO ALEGRE,207922,31,DEPARTAMENTO MUNICIPAL DE HABITAÇÃO,3,FUNDO MUNICIPAL DE HABITAÇÃO E INTERESSE SOCIAL - FMHIS,ATE,16,HABITAÇÃO,122,ADMINISTRAÇÃO GERAL,178,"GESTÃO DE PROCESSOS, TECNOLOGIA E TRANSPARÊNCIA",2788,ADMINISTRAÇÃO GERAL - FMHIS,3.3.90.39,7903,RECURSOS FUNDO MUNICIPAL DE HABITAÇÃO DE INTERESSE SOCIAL,50000.00,0.00,0.00,0.00,0.00,0.00,10000.00,0.00,60000.00,54284.67,54284.67,0.00,0.00,0.00
2019,12,149,PORTO ALEGRE,54909,DEP. MUNICIPAL DE HABITAÇÃO - PORTO ALEGRE,207922,31,DEPARTAMENTO MUNICIPAL DE HABITAÇÃO,3,FUNDO MUNICIPAL DE HABITAÇÃO E INTERESSE SOCIAL - FMHIS,ATE,16,HABITAÇÃO,122,ADMINISTRAÇÃO GERAL,178,"GESTÃO DE PROCESSOS, TECNOLOGIA E TRANSPARÊNCIA",2788,ADMINISTRAÇÃO GERAL - FMHIS,3.3.90.93,1,RECURSO LIVRE - ADMINISTRAÇÃO DIRETA,15000.00,0.00,0.00,0.00,0.00,0.00,0.00,3060.00,4020.68,4020.68,4020.68,0.00,0.00,0.00
2019,12,149,PORTO ALEGRE,54909,DEP. MUNICIPAL DE HABITAÇÃO - PORTO ALEGRE,207922,31,DEPARTAMENTO MUNICIPAL DE HABITAÇÃO,3,FUNDO MUNICIPAL DE HABITAÇÃO E INTERESSE SOCIAL - FMHIS,ATE,16,HABITAÇÃO,122,ADMINISTRAÇÃO GERAL,178,"GESTÃO DE PROCESSOS, TECNOLOGIA E TRANSPARÊNCIA",2788,ADMINISTRAÇÃO GERAL - FMHIS,3.3.90.93,7903,RECURSOS FUNDO MUNICIPAL DE HABITAÇÃO DE INTERESSE SOCIAL,10000.00,0.00,0.00,0.00,0.00,0.00,0.00,10000.00,0.00,0.00,0.00,0.00,0.00,0.00
2019,12,149,PORTO ALEGRE,54909,DEP. MUNICIPAL DE HABITAÇÃO - PORTO ALEGRE,207922,31,DEPARTAMENTO MUNICIPAL DE HABITAÇÃO,1,DEPARTAMENTO MUNICIPAL DE HABITAÇÃO,ATE,16,HABITAÇÃO,122,ADMINISTRAÇÃO GERAL,179,GESTÃO DE PESSOAS,2870,ADMINISTRAÇÃO DE PESSOAL,3.1.90.08,1,RECURSO LIVRE - ADMINISTRAÇÃO DIRETA,0.00,0.00,0.00,0.00,0.00,0.00,65898.05,0.00,65898.05,65898.05,65898.05,0.00,0.00,0.00
2019,12,149,PORTO ALEGRE,54909,DEP. MUNICIPAL DE HABITAÇÃO - PORTO ALEGRE,207922,31,DEPARTAMENTO MUNICIPAL DE HABITAÇÃO,1,DEPARTAMENTO MUNICIPAL DE HABITAÇÃO,ATE,16,HABITAÇÃO,122,ADMINISTRAÇÃO GERAL,179,GESTÃO DE PESSOAS,2870,ADMINISTRAÇÃO DE PESSOAL,3.1.90.11,1,RECURSO LIVRE - ADMINISTRAÇÃO DIRETA,20844901.00,0.00,0.00,0.00,0.00,95000.00,0.00,466185.35,16341111.86,16341111.86,15177483.47,0.00,0.00,0.00
2019,12,149,PORTO ALEGRE,54909,DEP. MUNICIPAL DE HABITAÇÃO - PORTO ALEGRE,207922,31,DEPARTAMENTO MUNICIPAL DE HABITAÇÃO,1,DEPARTAMENTO MUNICIPAL DE HABITAÇÃO,ATE,16,HABITAÇÃO,122,ADMINISTRAÇÃO GERAL,179,GESTÃO DE PESSOAS,2870,ADMINISTRAÇÃO DE PESSOAL,3.1.90.16,1,RECURSO LIVRE - ADMINISTRAÇÃO DIRETA,582146.00,0.00,0.00,0.00,0.00,0.00,5287.30,0.00,587433.30,587433.30,587433.30,0.00,0.00,0.00
2019,12,149,PORTO ALEGRE,54909,DEP. MUNICIPAL DE HABITAÇÃO - PORTO ALEGRE,207922,31,DEPARTAMENTO MUNICIPAL DE HABITAÇÃO,1,DEPARTAMENTO MUNICIPAL DE HABITAÇÃO,ATE,16,HABITAÇÃO,122,ADMINISTRAÇÃO GERAL,179,GESTÃO DE PESSOAS,2870,ADMINISTRAÇÃO DE PESSOAL,3.1.90.92,1,RECURSO LIVRE - ADMINISTRAÇÃO DIRETA,122220.00,0.00,0.00,0.00,0.00,0.00,0.00,0.00,59345.12,59345.12,59345.12,0.00,0.00,0.00
2019,12,149,PORTO ALEGRE,54909,DEP. MUNICIPAL DE HABITAÇÃO - PORTO ALEGRE,207922,31,DEPARTAMENTO MUNICIPAL DE HABITAÇÃO,1,DEPARTAMENTO MUNICIPAL DE HABITAÇÃO,ATE,16,HABITAÇÃO,122,ADMINISTRAÇÃO GERAL,179,GESTÃO DE PESSOAS,2870,ADMINISTRAÇÃO DE PESSOAL,3.1.90.94,1,RECURSO LIVRE - ADMINISTRAÇÃO DIRETA,123767.00,0.00,0.00,0.00,0.00,0.00,25000.00,0.00,143943.83,143943.83,143943.83,0.00,0.00,0.00
2019,12,149,PORTO ALEGRE,54909,DEP. MUNICIPAL DE HABITAÇÃO - PORTO ALEGRE,207922,31,DEPARTAMENTO MUNICIPAL DE HABITAÇÃO,1,DEPARTAMENTO MUNICIPAL DE HABITAÇÃO,ATE,16,HABITAÇÃO,122,ADMINISTRAÇÃO GERAL,179,GESTÃO DE PESSOAS,2870,ADMINISTRAÇÃO DE PESSOAL,3.1.90.96,1,RECURSO LIVRE - ADMINISTRAÇÃO DIRETA,145965.00,0.00,0.00,0.00,0.00,0.00,370000.00,0.00,386921.98,386921.98,386921.98,0.00,0.00,0.00
2019,12,149,PORTO ALEGRE,54909,DEP. MUNICIPAL DE HABITAÇÃO - PORTO ALEGRE,207922,31,DEPARTAMENTO MUNICIPAL DE HABITAÇÃO,1,DEPARTAMENTO MUNICIPAL DE HABITAÇÃO,ATE,16,HABITAÇÃO,122,ADMINISTRAÇÃO GERAL,179,GESTÃO DE PESSOAS,2870,ADMINISTRAÇÃO DE PESSOAL,3.3.90.36,1,RECURSO LIVRE - ADMINISTRAÇÃO DIRETA,474770.00,0.00,0.00,0.00,0.00,0.00,0.00,25000.00,438552.15,438552.15,438552.15,0.00,0.00,0.00
2019,12,149,PORTO ALEGRE,54909,DEP. MUNICIPAL DE HABITAÇÃO - PORTO ALEGRE,207922,31,DEPARTAMENTO MUNICIPAL DE HABITAÇÃO,1,DEPARTAMENTO MUNICIPAL DE HABITAÇÃO,ATE,16,HABITAÇÃO,122,ADMINISTRAÇÃO GERAL,179,GESTÃO DE PESSOAS,2870,ADMINISTRAÇÃO DE PESSOAL,3.3.90.39,1,RECURSO LIVRE - ADMINISTRAÇÃO DIRETA,678708.00,0.00,0.00,0.00,0.00,0.00,25000.00,0.00,692635.08,692635.08,633285.80,0.00,0.00,0.00
2019,12,149,PORTO ALEGRE,54909,DEP. MUNICIPAL DE HABITAÇÃO - PORTO ALEGRE,207922,31,DEPARTAMENTO MUNICIPAL DE HABITAÇÃO,1,DEPARTAMENTO MUNICIPAL DE HABITAÇÃO,ATE,16,HABITAÇÃO,122,ADMINISTRAÇÃO GERAL,179,GESTÃO DE PESSOAS,2870,ADMINISTRAÇÃO DE PESSOAL,3.3.90.46,1,RECURSO LIVRE - ADMINISTRAÇÃO DIRETA,1437221.00,0.00,0.00,0.00,0.00,0.00,0.00,4500.00,1286173.99,1286173.99,1286173.99,0.00,0.00,0.00
2019,12,149,PORTO ALEGRE,54909,DEP. MUNICIPAL DE HABITAÇÃO - PORTO ALEGRE,207922,31,DEPARTAMENTO MUNICIPAL DE HABITAÇÃO,1,DEPARTAMENTO MUNICIPAL DE HABITAÇÃO,ATE,16,HABITAÇÃO,122,ADMINISTRAÇÃO GERAL,179,GESTÃO DE PESSOAS,2870,ADMINISTRAÇÃO DE PESSOAL,3.3.90.49,1,RECURSO LIVRE - ADMINISTRAÇÃO DIRETA,22726.00,0.00,0.00,0.00,0.00,0.00,4500.00,0.00,26554.86,26554.86,26554.86,0.00,0.00,0.00
2019,12,149,PORTO ALEGRE,54909,DEP. MUNICIPAL DE HABITAÇÃO - PORTO ALEGRE,207922,31,DEPARTAMENTO MUNICIPAL DE HABITAÇÃO,1,DEPARTAMENTO MUNICIPAL DE HABITAÇÃO,ATE,16,HABITAÇÃO,122,ADMINISTRAÇÃO GERAL,180,GESTÃO FISCAL,2540,RECUPERAÇÃO DE CRÉDITO IMOBILIÁRIO,3.3.90.35,1,RECURSO LIVRE - ADMINISTRAÇÃO DIRETA,6000.00,0.00,0.00,0.00,0.00,0.00,0.00,0.00,4900.00,0.00,0.00,0.00,0.00,0.00
2019,12,149,PORTO ALEGRE,54909,DEP. MUNICIPAL DE HABITAÇÃO - PORTO ALEGRE,207922,31,DEPARTAMENTO MUNICIPAL DE HABITAÇÃO,1,DEPARTAMENTO MUNICIPAL DE HABITAÇÃO,ATE,16,HABITAÇÃO,122,ADMINISTRAÇÃO GERAL,180,GESTÃO FISCAL,2540,RECUPERAÇÃO DE CRÉDITO IMOBILIÁRIO,3.3.90.39,1,RECURSO LIVRE - ADMINISTRAÇÃO DIRETA,61517.00,0.00,0.00,0.00,0.00,0.00,0.00,0.00,58740.00,48950.00,48950.00,0.00,0.00,0.00
2019,12,149,PORTO ALEGRE,54909,DEP. MUNICIPAL DE HABITAÇÃO - PORTO ALEGRE,207922,31,DEPARTAMENTO MUNICIPAL DE HABITAÇÃO,1,DEPARTAMENTO MUNICIPAL DE HABITAÇÃO,ATE,16,HABITAÇÃO,122,ADMINISTRAÇÃO GERAL,180,GESTÃO FISCAL,2540,RECUPERAÇÃO DE CRÉDITO IMOBILIÁRIO,3.3.90.40,1,RECURSO LIVRE - ADMINISTRAÇÃO DIRETA,276190.00,0.00,0.00,0.00,0.00,0.00,0.00,0.00,248431.46,196705.26,196705.26,0.00,0.00,0.00
2019,12,149,PORTO ALEGRE,54909,DEP. MUNICIPAL DE HABITAÇÃO - PORTO ALEGRE,207922,31,DEPARTAMENTO MUNICIPAL DE HABITAÇÃO,1,DEPARTAMENTO MUNICIPAL DE HABITAÇÃO,ATE,16,HABITAÇÃO,122,ADMINISTRAÇÃO GERAL,180,GESTÃO FISCAL,2540,RECUPERAÇÃO DE CRÉDITO IMOBILIÁRIO,3.3.90.92,1,RECURSO LIVRE - ADMINISTRAÇÃO DIRETA,1000.00,0.00,0.00,0.00,0.00,0.00,0.00,0.00,0.00,0.00,0.00,0.00,0.00,0.00
2019,12,149,PORTO ALEGRE,54909,DEP. MUNICIPAL DE HABITAÇÃO - PORTO ALEGRE,207922,31,DEPARTAMENTO MUNICIPAL DE HABITAÇÃO,1,DEPARTAMENTO MUNICIPAL DE HABITAÇÃO,ATE,16,HABITAÇÃO,126,TECNOLOGIA DA INFORMAÇÃO,178,"GESTÃO DE PROCESSOS, TECNOLOGIA E TRANSPARÊNCIA",2872,PROCESSAMENTO DE DADOS,3.3.90.40,1,RECURSO LIVRE - ADMINISTRAÇÃO DIRETA,1594283.00,0.00,0.00,0.00,0.00,0.00,0.00,501065.12,594438.91,594438.91,594438.91,0.00,0.00,0.00
2019,12,149,PORTO ALEGRE,54909,DEP. MUNICIPAL DE HABITAÇÃO - PORTO ALEGRE,207922,31,DEPARTAMENTO MUNICIPAL DE HABITAÇÃO,1,DEPARTAMENTO MUNICIPAL DE HABITAÇÃO,ATE,16,HABITAÇÃO,126,TECNOLOGIA DA INFORMAÇÃO,178,"GESTÃO DE PROCESSOS, TECNOLOGIA E TRANSPARÊNCIA",2872,PROCESSAMENTO DE DADOS,3.3.90.92,1,RECURSO LIVRE - ADMINISTRAÇÃO DIRETA,1000.00,0.00,0.00,0.00,0.00,0.00,501065.12,0.00,0.00,0.00,0.00,0.00,0.00,0.00
2019,12,149,PORTO ALEGRE,54909,DEP. MUNICIPAL DE HABITAÇÃO - PORTO ALEGRE,207922,31,DEPARTAMENTO MUNICIPAL DE HABITAÇÃO,1,DEPARTAMENTO MUNICIPAL DE HABITAÇÃO,ATE,16,HABITAÇÃO,126,TECNOLOGIA DA INFORMAÇÃO,178,"GESTÃO DE PROCESSOS, TECNOLOGIA E TRANSPARÊNCIA",2872,PROCESSAMENTO DE DADOS,4.4.90.52,1,RECURSO LIVRE - ADMINISTRAÇÃO DIRETA,1000.00,0.00,0.00,0.00,0.00,0.00,0.00,0.00,0.00,0.00,0.00,0.00,0.00,0.00
2019,12,149,PORTO ALEGRE,54909,DEP. MUNICIPAL DE HABITAÇÃO - PORTO ALEGRE,207922,31,DEPARTAMENTO MUNICIPAL DE HABITAÇÃO,1,DEPARTAMENTO MUNICIPAL DE HABITAÇÃO,ATE,16,HABITAÇÃO,126,TECNOLOGIA DA INFORMAÇÃO,178,"GESTÃO DE PROCESSOS, TECNOLOGIA E TRANSPARÊNCIA",2872,PROCESSAMENTO DE DADOS,4.4.90.52,400,RECURSO LIVRE - ADMINISTRAÇÃO INDIRETA,30000.00,0.00,0.00,0.00,0.00,0.00,0.00,0.00,0.00,0.00,0.00,0.00,0.00,0.00
2019,12,149,PORTO ALEGRE,54909,DEP. MUNICIPAL DE HABITAÇÃO - PORTO ALEGRE,207922,31,DEPARTAMENTO MUNICIPAL DE HABITAÇÃO,1,DEPARTAMENTO MUNICIPAL DE HABITAÇÃO,ATE,16,HABITAÇÃO,131,COMUNICAÇÃO SOCIAL,178,"GESTÃO DE PROCESSOS, TECNOLOGIA E TRANSPARÊNCIA",2873,PUBLICIDADE,3.3.90.39,1,RECURSO LIVRE - ADMINISTRAÇÃO DIRETA,1552100.00,0.00,0.00,0.00,0.00,298477.00,0.00,0.00,0.00,0.00,0.00,0.00,0.00,0.00
2019,12,149,PORTO ALEGRE,54909,DEP. MUNICIPAL DE HABITAÇÃO - PORTO ALEGRE,207922,31,DEPARTAMENTO MUNICIPAL DE HABITAÇÃO,1,DEPARTAMENTO MUNICIPAL DE HABITAÇÃO,ATE,16,HABITAÇÃO,131,COMUNICAÇÃO SOCIAL,178,"GESTÃO DE PROCESSOS, TECNOLOGIA E TRANSPARÊNCIA",2873,PUBLICIDADE,3.3.90.92,1,RECURSO LIVRE - ADMINISTRAÇÃO DIRETA,1000.00,0.00,0.00,0.00,0.00,0.00,0.00,0.00,0.00,0.00,0.00,0.00,0.00,0.00
2019,12,149,PORTO ALEGRE,54909,DEP. MUNICIPAL DE HABITAÇÃO - PORTO ALEGRE,207922,31,DEPARTAMENTO MUNICIPAL DE HABITAÇÃO,1,DEPARTAMENTO MUNICIPAL DE HABITAÇÃO,ATE,16,HABITAÇÃO,271,PREVIDÊNCIA BÁSICA,179,GESTÃO DE PESSOAS,2678,OBRIGAÇÕES PATRONAIS - DEMHAB,3.1.90.13,1,RECURSO LIVRE - ADMINISTRAÇÃO DIRETA,1205390.00,0.00,95000.00,0.00,0.00,0.00,3922.00,0.00,1289604.94,1268312.54,1166351.98,0.00,0.00,0.00
2019,12,149,PORTO ALEGRE,54909,DEP. MUNICIPAL DE HABITAÇÃO - PORTO ALEGRE,207922,31,DEPARTAMENTO MUNICIPAL DE HABITAÇÃO,1,DEPARTAMENTO MUNICIPAL DE HABITAÇÃO,ATE,16,HABITAÇÃO,271,PREVIDÊNCIA BÁSICA,179,GESTÃO DE PESSOAS,2678,OBRIGAÇÕES PATRONAIS - DEMHAB,3.1.90.92,1,RECURSO LIVRE - ADMINISTRAÇÃO DIRETA,3922.00,0.00,0.00,0.00,0.00,0.00,0.00,3922.00,0.00,0.00,0.00,0.00,0.00,0.00
2019,12,149,PORTO ALEGRE,54909,DEP. MUNICIPAL DE HABITAÇÃO - PORTO ALEGRE,207922,31,DEPARTAMENTO MUNICIPAL DE HABITAÇÃO,1,DEPARTAMENTO MUNICIPAL DE HABITAÇÃO,ATE,16,HABITAÇÃO,272,PREVIDÊNCIA DO REGIME ESTATUTÁRIO,179,GESTÃO DE PESSOAS,2679,OBRIGAÇÕES PATRONAIS PARA O RPPS - DEMHAB,3.1.91.13,1,RECURSO LIVRE - ADMINISTRAÇÃO DIRETA,6017294.00,0.00,0.00,0.00,0.00,0.00,0.00,15000.00,5260736.02,5260736.02,4860878.03,0.00,0.00,0.00
2019,12,149,PORTO ALEGRE,54909,DEP. MUNICIPAL DE HABITAÇÃO - PORTO ALEGRE,207922,31,DEPARTAMENTO MUNICIPAL DE HABITAÇÃO,1,DEPARTAMENTO MUNICIPAL DE HABITAÇÃO,ATE,16,HABITAÇÃO,272,PREVIDÊNCIA DO REGIME ESTATUTÁRIO,179,GESTÃO DE PESSOAS,2679,OBRIGAÇÕES PATRONAIS PARA O RPPS - DEMHAB,3.1.91.92,1,RECURSO LIVRE - ADMINISTRAÇÃO DIRETA,0.00,0.00,0.00,0.00,0.00,0.00,15000.00,0.00,14418.76,14418.76,14418.76,0.00,0.00,0.00
2019,12,149,PORTO ALEGRE,54909,DEP. MUNICIPAL DE HABITAÇÃO - PORTO ALEGRE,207922,31,DEPARTAMENTO MUNICIPAL DE HABITAÇÃO,3,FUNDO MUNICIPAL DE HABITAÇÃO E INTERESSE SOCIAL - FMHIS,ATE,16,HABITAÇÃO,482,HABITAÇÃO URBANA,173,PORTO ALEGRE PARA TODOS,1216,INCENTIVO AO COOPERATIVISMO,4.4.90.51,7903,RECURSOS FUNDO MUNICIPAL DE HABITAÇÃO DE INTERESSE SOCIAL,2994850.00,0.00,0.00,0.00,0.00,0.00,0.00,1.00,0.00,0.00,0.00,0.00,0.00,0.00
2019,12,149,PORTO ALEGRE,54909,DEP. MUNICIPAL DE HABITAÇÃO - PORTO ALEGRE,207922,31,DEPARTAMENTO MUNICIPAL DE HABITAÇÃO,3,FUNDO MUNICIPAL DE HABITAÇÃO E INTERESSE SOCIAL - FMHIS,ATE,16,HABITAÇÃO,482,HABITAÇÃO URBANA,173,PORTO ALEGRE PARA TODOS,1216,INCENTIVO AO COOPERATIVISMO,4.4.90.52,7903,RECURSOS FUNDO MUNICIPAL DE HABITAÇÃO DE INTERESSE SOCIAL,0.00,0.00,0.00,0.00,0.00,0.00,1.00,0.00,0.00,0.00,0.00,0.00,0.00,0.00
2019,12,149,PORTO ALEGRE,54909,DEP. MUNICIPAL DE HABITAÇÃO - PORTO ALEGRE,207922,31,DEPARTAMENTO MUNICIPAL DE HABITAÇÃO,3,FUNDO MUNICIPAL DE HABITAÇÃO E INTERESSE SOCIAL - FMHIS,ATE,16,HABITAÇÃO,482,HABITAÇÃO URBANA,173,PORTO ALEGRE PARA TODOS,1217,REASSENTAMENTO,3.3.90.39,1,RECURSO LIVRE - ADMINISTRAÇÃO DIRETA,1011000.00,0.00,0.00,0.00,0.00,0.00,0.00,35001.00,85988.40,85988.40,85988.40,0.00,0.00,0.00
2019,12,149,PORTO ALEGRE,54909,DEP. MUNICIPAL DE HABITAÇÃO - PORTO ALEGRE,207922,31,DEPARTAMENTO MUNICIPAL DE HABITAÇÃO,3,FUNDO MUNICIPAL DE HABITAÇÃO E INTERESSE SOCIAL - FMHIS,ATE,16,HABITAÇÃO,482,HABITAÇÃO URBANA,173,PORTO ALEGRE PARA TODOS,1217,REASSENTAMENTO,3.3.90.39,7903,RECURSOS FUNDO MUNICIPAL DE HABITAÇÃO DE INTERESSE SOCIAL,0.00,0.00,0.00,0.00,0.00,0.00,1.00,0.00,0.00,0.00,0.00,0.00,0.00,0.00
2019,12,149,PORTO ALEGRE,54909,DEP. MUNICIPAL DE HABITAÇÃO - PORTO ALEGRE,207922,31,DEPARTAMENTO MUNICIPAL DE HABITAÇÃO,3,FUNDO MUNICIPAL DE HABITAÇÃO E INTERESSE SOCIAL - FMHIS,ATE,16,HABITAÇÃO,482,HABITAÇÃO URBANA,173,PORTO ALEGRE PARA TODOS,1217,REASSENTAMENTO,3.3.90.40,1,RECURSO LIVRE - ADMINISTRAÇÃO DIRETA,0.00,0.00,0.00,0.00,0.00,0.00,35000.00,0.00,0.00,0.00,0.00,0.00,0.00,0.00
2019,12,149,PORTO ALEGRE,54909,DEP. MUNICIPAL DE HABITAÇÃO - PORTO ALEGRE,207922,31,DEPARTAMENTO MUNICIPAL DE HABITAÇÃO,3,FUNDO MUNICIPAL DE HABITAÇÃO E INTERESSE SOCIAL - FMHIS,ATE,16,HABITAÇÃO,482,HABITAÇÃO URBANA,173,PORTO ALEGRE PARA TODOS,1217,REASSENTAMENTO,3.3.90.40,7903,RECURSOS FUNDO MUNICIPAL DE HABITAÇÃO DE INTERESSE SOCIAL,348550.00,0.00,0.00,0.00,0.00,0.00,0.00,0.00,306900.00,306900.00,306900.00,0.00,0.00,0.00
2019,12,149,PORTO ALEGRE,54909,DEP. MUNICIPAL DE HABITAÇÃO - PORTO ALEGRE,207922,31,DEPARTAMENTO MUNICIPAL DE HABITAÇÃO,3,FUNDO MUNICIPAL DE HABITAÇÃO E INTERESSE SOCIAL - FMHIS,ATE,16,HABITAÇÃO,482,HABITAÇÃO URBANA,173,PORTO ALEGRE PARA TODOS,1217,REASSENTAMENTO,3.3.90.92,1,RECURSO LIVRE - ADMINISTRAÇÃO DIRETA,1000.00,0.00,0.00,0.00,0.00,0.00,0.00,0.00,0.00,0.00,0.00,0.00,0.00,0.00
2019,12,149,PORTO ALEGRE,54909,DEP. MUNICIPAL DE HABITAÇÃO - PORTO ALEGRE,207922,31,DEPARTAMENTO MUNICIPAL DE HABITAÇÃO,3,FUNDO MUNICIPAL DE HABITAÇÃO E INTERESSE SOCIAL - FMHIS,ATE,16,HABITAÇÃO,482,HABITAÇÃO URBANA,173,PORTO ALEGRE PARA TODOS,1217,REASSENTAMENTO,3.3.90.92,7903,RECURSOS FUNDO MUNICIPAL DE HABITAÇÃO DE INTERESSE SOCIAL,1000.00,0.00,0.00,0.00,0.00,0.00,0.00,0.00,0.00,0.00,0.00,0.00,0.00,0.00
2019,12,149,PORTO ALEGRE,54909,DEP. MUNICIPAL DE HABITAÇÃO - PORTO ALEGRE,207922,31,DEPARTAMENTO MUNICIPAL DE HABITAÇÃO,3,FUNDO MUNICIPAL DE HABITAÇÃO E INTERESSE SOCIAL - FMHIS,ATE,16,HABITAÇÃO,482,HABITAÇÃO URBANA,173,PORTO ALEGRE PARA TODOS,1217,REASSENTAMENTO,4.4.20.93,1,RECURSO LIVRE - ADMINISTRAÇÃO DIRETA,45000.00,0.00,0.00,0.00,0.00,0.00,0.00,0.00,42563.04,42563.04,42563.04,0.00,0.00,0.00
2019,12,149,PORTO ALEGRE,54909,DEP. MUNICIPAL DE HABITAÇÃO - PORTO ALEGRE,207922,31,DEPARTAMENTO MUNICIPAL DE HABITAÇÃO,3,FUNDO MUNICIPAL DE HABITAÇÃO E INTERESSE SOCIAL - FMHIS,ATE,16,HABITAÇÃO,482,HABITAÇÃO URBANA,173,PORTO ALEGRE PARA TODOS,1217,REASSENTAMENTO,4.4.90.39,1285,PROGRAMAS DE URBANIZAÇÃO - OPERAÇÃO DE CRÉDITO,378749.00,0.00,0.00,0.00,0.00,0.00,547000.00,37336.38,0.00,0.00,0.00,0.00,0.00,0.00
2019,12,149,PORTO ALEGRE,54909,DEP. MUNICIPAL DE HABITAÇÃO - PORTO ALEGRE,207922,31,DEPARTAMENTO MUNICIPAL DE HABITAÇÃO,3,FUNDO MUNICIPAL DE HABITAÇÃO E INTERESSE SOCIAL - FMHIS,ATE,16,HABITAÇÃO,482,HABITAÇÃO URBANA,173,PORTO ALEGRE PARA TODOS,1217,REASSENTAMENTO,4.4.90.39,1308,PROGRAMAS DE URBANIZAÇÃO - EXCETO OPERAÇÃO DE CRÉDITO,1003060.00,0.00,0.00,0.00,0.00,0.00,0.00,88590.25,44694.79,44694.79,44694.79,0.00,0.00,0.00
2019,12,149,PORTO ALEGRE,54909,DEP. MUNICIPAL DE HABITAÇÃO - PORTO ALEGRE,207922,31,DEPARTAMENTO MUNICIPAL DE HABITAÇÃO,3,FUNDO MUNICIPAL DE HABITAÇÃO E INTERESSE SOCIAL - FMHIS,ATE,16,HABITAÇÃO,482,HABITAÇÃO URBANA,173,PORTO ALEGRE PARA TODOS,1217,REASSENTAMENTO,4.4.90.39,7903,RECURSOS FUNDO MUNICIPAL DE HABITAÇÃO DE INTERESSE SOCIAL,34822.00,0.00,0.00,0.00,0.00,0.00,20000.00,0.00,20492.15,0.00,0.00,0.00,0.00,0.00
2019,12,149,PORTO ALEGRE,54909,DEP. MUNICIPAL DE HABITAÇÃO - PORTO ALEGRE,207922,31,DEPARTAMENTO MUNICIPAL DE HABITAÇÃO,3,FUNDO MUNICIPAL DE HABITAÇÃO E INTERESSE SOCIAL - FMHIS,ATE,16,HABITAÇÃO,482,HABITAÇÃO URBANA,173,PORTO ALEGRE PARA TODOS,1217,REASSENTAMENTO,4.4.90.51,1285,PROGRAMAS DE URBANIZAÇÃO - OPERAÇÃO DE CRÉDITO,3369744.00,0.00,0.00,0.00,0.00,0.00,0.00,598000.00,0.00,0.00,0.00,0.00,0.00,0.00
2019,12,149,PORTO ALEGRE,54909,DEP. MUNICIPAL DE HABITAÇÃO - PORTO ALEGRE,207922,31,DEPARTAMENTO MUNICIPAL DE HABITAÇÃO,3,FUNDO MUNICIPAL DE HABITAÇÃO E INTERESSE SOCIAL - FMHIS,ATE,16,HABITAÇÃO,482,HABITAÇÃO URBANA,173,PORTO ALEGRE PARA TODOS,1217,REASSENTAMENTO,4.4.90.51,7903,RECURSOS FUNDO MUNICIPAL DE HABITAÇÃO DE INTERESSE SOCIAL,8483994.00,0.00,0.00,0.00,0.00,0.00,0.00,70000.00,1074063.35,374153.70,374153.70,0.00,0.00,0.00
2019,12,149,PORTO ALEGRE,54909,DEP. MUNICIPAL DE HABITAÇÃO - PORTO ALEGRE,207922,31,DEPARTAMENTO MUNICIPAL DE HABITAÇÃO,3,FUNDO MUNICIPAL DE HABITAÇÃO E INTERESSE SOCIAL - FMHIS,ATE,16,HABITAÇÃO,482,HABITAÇÃO URBANA,173,PORTO ALEGRE PARA TODOS,1217,REASSENTAMENTO,4.4.90.92,1285,PROGRAMAS DE URBANIZAÇÃO - OPERAÇÃO DE CRÉDITO,1000.00,0.00,0.00,0.00,0.00,0.00,88336.38,0.00,37336.38,37336.38,37336.38,0.00,0.00,0.00
2019,12,149,PORTO ALEGRE,54909,DEP. MUNICIPAL DE HABITAÇÃO - PORTO ALEGRE,207922,31,DEPARTAMENTO MUNICIPAL DE HABITAÇÃO,3,FUNDO MUNICIPAL DE HABITAÇÃO E INTERESSE SOCIAL - FMHIS,ATE,16,HABITAÇÃO,482,HABITAÇÃO URBANA,173,PORTO ALEGRE PARA TODOS,1217,REASSENTAMENTO,4.4.90.92,1308,PROGRAMAS DE URBANIZAÇÃO - EXCETO OPERAÇÃO DE CRÉDITO,0.00,0.00,0.00,0.00,0.00,0.00,88590.25,0.00,88062.90,88062.90,88062.90,0.00,0.00,0.00
2019,12,149,PORTO ALEGRE,54909,DEP. MUNICIPAL DE HABITAÇÃO - PORTO ALEGRE,207922,31,DEPARTAMENTO MUNICIPAL DE HABITAÇÃO,3,FUNDO MUNICIPAL DE HABITAÇÃO E INTERESSE SOCIAL - FMHIS,ATE,16,HABITAÇÃO,482,HABITAÇÃO URBANA,173,PORTO ALEGRE PARA TODOS,1217,REASSENTAMENTO,4.4.90.92,7903,RECURSOS FUNDO MUNICIPAL DE HABITAÇÃO DE INTERESSE SOCIAL,1000.00,0.00,0.00,0.00,0.00,0.00,50000.00,0.00,31322.21,31322.21,31322.21,0.00,0.00,0.00
2019,12,149,PORTO ALEGRE,54909,DEP. MUNICIPAL DE HABITAÇÃO - PORTO ALEGRE,207922,31,DEPARTAMENTO MUNICIPAL DE HABITAÇÃO,3,FUNDO MUNICIPAL DE HABITAÇÃO E INTERESSE SOCIAL - FMHIS,ATE,16,HABITAÇÃO,482,HABITAÇÃO URBANA,173,PORTO ALEGRE PARA TODOS,1217,REASSENTAMENTO,4.4.90.93,1,RECURSO LIVRE - ADMINISTRAÇÃO DIRETA,300000.00,0.00,0.00,0.00,0.00,0.00,0.00,1.00,150761.12,148380.70,131024.78,0.00,0.00,0.00
2019,12,149,PORTO ALEGRE,54909,DEP. MUNICIPAL DE HABITAÇÃO - PORTO ALEGRE,207922,31,DEPARTAMENTO MUNICIPAL DE HABITAÇÃO,3,FUNDO MUNICIPAL DE HABITAÇÃO E INTERESSE SOCIAL - FMHIS,ATE,16,HABITAÇÃO,482,HABITAÇÃO URBANA,173,PORTO ALEGRE PARA TODOS,1217,REASSENTAMENTO,4.4.90.93,1088,FINANCIAMENTO DA CONTRAPARTIDA DO PAC/COPA,4000000.00,0.00,0.00,0.00,0.00,0.00,0.00,0.00,1824074.57,1824074.57,1746513.72,0.00,0.00,0.00
2019,12,149,PORTO ALEGRE,54909,DEP. MUNICIPAL DE HABITAÇÃO - PORTO ALEGRE,207922,31,DEPARTAMENTO MUNICIPAL DE HABITAÇÃO,3,FUNDO MUNICIPAL DE HABITAÇÃO E INTERESSE SOCIAL - FMHIS,ATE,16,HABITAÇÃO,482,HABITAÇÃO URBANA,173,PORTO ALEGRE PARA TODOS,1217,REASSENTAMENTO,4.4.90.93,1273,SOCIO AMBIENTAL,0.00,0.00,81591.01,0.00,0.00,0.00,1.00,0.00,81592.01,81592.01,81592.01,0.00,0.00,0.00
2019,12,149,PORTO ALEGRE,54909,DEP. MUNICIPAL DE HABITAÇÃO - PORTO ALEGRE,207922,31,DEPARTAMENTO MUNICIPAL DE HABITAÇÃO,3,FUNDO MUNICIPAL DE HABITAÇÃO E INTERESSE SOCIAL - FMHIS,ATE,16,HABITAÇÃO,482,HABITAÇÃO URBANA,173,PORTO ALEGRE PARA TODOS,1218,REGULARIZAÇÃO URBANÍSTICA E FUNDIÁRIA - PRF,4.4.90.51,1285,PROGRAMAS DE URBANIZAÇÃO - OPERAÇÃO DE CRÉDITO,700000.00,0.00,0.00,0.00,0.00,0.00,0.00,0.00,0.00,0.00,0.00,0.00,0.00,0.00
2019,12,149,PORTO ALEGRE,54909,DEP. MUNICIPAL DE HABITAÇÃO - PORTO ALEGRE,207922,31,DEPARTAMENTO MUNICIPAL DE HABITAÇÃO,3,FUNDO MUNICIPAL DE HABITAÇÃO E INTERESSE SOCIAL - FMHIS,ATE,16,HABITAÇÃO,482,HABITAÇÃO URBANA,173,PORTO ALEGRE PARA TODOS,1218,REGULARIZAÇÃO URBANÍSTICA E FUNDIÁRIA - PRF,4.4.90.51,7903,RECURSOS FUNDO MUNICIPAL DE HABITAÇÃO DE INTERESSE SOCIAL,2960337.00,0.00,0.00,0.00,0.00,0.00,0.00,0.00,0.00,0.00,0.00,0.00,0.00,0.00
2019,12,149,PORTO ALEGRE,54909,DEP. MUNICIPAL DE HABITAÇÃO - PORTO ALEGRE,207922,31,DEPARTAMENTO MUNICIPAL DE HABITAÇÃO,3,FUNDO MUNICIPAL DE HABITAÇÃO E INTERESSE SOCIAL - FMHIS,ATE,16,HABITAÇÃO,482,HABITAÇÃO URBANA,173,PORTO ALEGRE PARA TODOS,1218,REGULARIZAÇÃO URBANÍSTICA E FUNDIÁRIA - PRF,4.4.90.92,7903,RECURSOS FUNDO MUNICIPAL DE HABITAÇÃO DE INTERESSE SOCIAL,1000.00,0.00,0.00,0.00,0.00,0.00,0.00,0.00,0.00,0.00,0.00,0.00,0.00,0.00
2019,12,149,PORTO ALEGRE,54909,DEP. MUNICIPAL DE HABITAÇÃO - PORTO ALEGRE,207922,31,DEPARTAMENTO MUNICIPAL DE HABITAÇÃO,3,FUNDO MUNICIPAL DE HABITAÇÃO E INTERESSE SOCIAL - FMHIS,ATE,16,HABITAÇÃO,482,HABITAÇÃO URBANA,173,PORTO ALEGRE PARA TODOS,4115,OFERTA DE MORADIA PROVISÓRIA,3.3.90.48,1,RECURSO LIVRE - ADMINISTRAÇÃO DIRETA,5159000.00,0.00,0.00,0.00,0.00,1035000.00,0.00,114000.00,2247109.02,2240888.07,2079340.66,0.00,0.00,0.00
2019,12,149,PORTO ALEGRE,54909,DEP. MUNICIPAL DE HABITAÇÃO - PORTO ALEGRE,207922,31,DEPARTAMENTO MUNICIPAL DE HABITAÇÃO,3,FUNDO MUNICIPAL DE HABITAÇÃO E INTERESSE SOCIAL - FMHIS,ATE,16,HABITAÇÃO,482,HABITAÇÃO URBANA,173,PORTO ALEGRE PARA TODOS,4115,OFERTA DE MORADIA PROVISÓRIA,3.3.90.92,1,RECURSO LIVRE - ADMINISTRAÇÃO DIRETA,1000.00,0.00,0.00,0.00,0.00,0.00,114000.00,0.00,111385.56,111385.56,111385.56,0.00,0.00,0.00
2019,12,149,PORTO ALEGRE,54909,DEP. MUNICIPAL DE HABITAÇÃO - PORTO ALEGRE,207922,31,DEPARTAMENTO MUNICIPAL DE HABITAÇÃO,3,FUNDO MUNICIPAL DE HABITAÇÃO E INTERESSE SOCIAL - FMHIS,ATE,16,HABITAÇÃO,482,HABITAÇÃO URBANA,173,PORTO ALEGRE PARA TODOS,4115,OFERTA DE MORADIA PROVISÓRIA,4.4.90.52,7903,RECURSOS FUNDO MUNICIPAL DE HABITAÇÃO DE INTERESSE SOCIAL,2993000.00,0.00,0.00,0.00,0.00,0.00,0.00,0.00,0.00,0.00,0.00,0.00,0.00,0.00
2019,12,149,PORTO ALEGRE,54909,DEP. MUNICIPAL DE HABITAÇÃO - PORTO ALEGRE,207922,31,DEPARTAMENTO MUNICIPAL DE HABITAÇÃO,1,DEPARTAMENTO MUNICIPAL DE HABITAÇÃO,ATE,28,ENCARGOS ESPECIAIS,843,SERVIÇO DA DÍVIDA INTERNA,180,GESTÃO FISCAL,9070,DÍVIDA INTERNA - DEMHAB,3.2.90.21,1,RECURSO LIVRE - ADMINISTRAÇÃO DIRETA,1000.00,0.00,190000.00,0.00,0.00,0.00,0.00,0.00,188497.01,187805.17,187805.17,0.00,0.00,0.00
2019,12,149,PORTO ALEGRE,54909,DEP. MUNICIPAL DE HABITAÇÃO - PORTO ALEGRE,207922,31,DEPARTAMENTO MUNICIPAL DE HABITAÇÃO,1,DEPARTAMENTO MUNICIPAL DE HABITAÇÃO,ATE,28,ENCARGOS ESPECIAIS,843,SERVIÇO DA DÍVIDA INTERNA,180,GESTÃO FISCAL,9070,DÍVIDA INTERNA - DEMHAB,3.2.90.21,400,RECURSO LIVRE - ADMINISTRAÇÃO INDIRETA,690969.00,0.00,0.00,0.00,0.00,56999.18,0.00,0.00,244090.80,244090.80,244090.80,0.00,0.00,0.00
2019,12,149,PORTO ALEGRE,54909,DEP. MUNICIPAL DE HABITAÇÃO - PORTO ALEGRE,207922,31,DEPARTAMENTO MUNICIPAL DE HABITAÇÃO,1,DEPARTAMENTO MUNICIPAL DE HABITAÇÃO,ATE,28,ENCARGOS ESPECIAIS,843,SERVIÇO DA DÍVIDA INTERNA,180,GESTÃO FISCAL,9070,DÍVIDA INTERNA - DEMHAB,3.2.90.22,400,RECURSO LIVRE - ADMINISTRAÇÃO INDIRETA,1800.00,0.00,0.00,0.00,0.00,0.00,0.00,0.00,1310.79,1310.79,1310.79,0.00,0.00,0.00
2019,12,149,PORTO ALEGRE,54909,DEP. MUNICIPAL DE HABITAÇÃO - PORTO ALEGRE,207922,31,DEPARTAMENTO MUNICIPAL DE HABITAÇÃO,1,DEPARTAMENTO MUNICIPAL DE HABITAÇÃO,ATE,28,ENCARGOS ESPECIAIS,843,SERVIÇO DA DÍVIDA INTERNA,180,GESTÃO FISCAL,9070,DÍVIDA INTERNA - DEMHAB,3.2.91.21,1,RECURSO LIVRE - ADMINISTRAÇÃO DIRETA,2783.00,0.00,0.00,0.00,0.00,0.00,0.00,0.00,0.00,0.00,0.00,0.00,0.00,0.00
2019,12,149,PORTO ALEGRE,54909,DEP. MUNICIPAL DE HABITAÇÃO - PORTO ALEGRE,207922,31,DEPARTAMENTO MUNICIPAL DE HABITAÇÃO,1,DEPARTAMENTO MUNICIPAL DE HABITAÇÃO,ATE,28,ENCARGOS ESPECIAIS,843,SERVIÇO DA DÍVIDA INTERNA,180,GESTÃO FISCAL,9070,DÍVIDA INTERNA - DEMHAB,4.6.90.71,1,RECURSO LIVRE - ADMINISTRAÇÃO DIRETA,355271.00,0.00,845000.00,0.00,0.00,400000.00,0.00,16000.00,541426.68,541426.68,541426.68,0.00,0.00,0.00
2019,12,149,PORTO ALEGRE,54909,DEP. MUNICIPAL DE HABITAÇÃO - PORTO ALEGRE,207922,31,DEPARTAMENTO MUNICIPAL DE HABITAÇÃO,1,DEPARTAMENTO MUNICIPAL DE HABITAÇÃO,ATE,28,ENCARGOS ESPECIAIS,843,SERVIÇO DA DÍVIDA INTERNA,180,GESTÃO FISCAL,9070,DÍVIDA INTERNA - DEMHAB,4.6.90.71,400,RECURSO LIVRE - ADMINISTRAÇÃO INDIRETA,3913698.00,0.00,0.00,0.00,0.00,0.00,0.00,0.00,2749238.33,2659238.33,2659238.33,0.00,0.00,0.00
2019,12,149,PORTO ALEGRE,54909,DEP. MUNICIPAL DE HABITAÇÃO - PORTO ALEGRE,207922,31,DEPARTAMENTO MUNICIPAL DE HABITAÇÃO,1,DEPARTAMENTO MUNICIPAL DE HABITAÇÃO,ATE,28,ENCARGOS ESPECIAIS,843,SERVIÇO DA DÍVIDA INTERNA,180,GESTÃO FISCAL,9070,DÍVIDA INTERNA - DEMHAB,4.6.90.92,1,RECURSO LIVRE - ADMINISTRAÇÃO DIRETA,1000.00,0.00,0.00,0.00,0.00,0.00,16000.00,0.00,16346.56,16346.56,16346.56,0.00,0.00,0.00
2019,12,149,PORTO ALEGRE,54909,DEP. MUNICIPAL DE HABITAÇÃO - PORTO ALEGRE,207922,31,DEPARTAMENTO MUNICIPAL DE HABITAÇÃO,1,DEPARTAMENTO MUNICIPAL DE HABITAÇÃO,ATE,28,ENCARGOS ESPECIAIS,843,SERVIÇO DA DÍVIDA INTERNA,180,GESTÃO FISCAL,9070,DÍVIDA INTERNA - DEMHAB,4.6.91.71,1,RECURSO LIVRE - ADMINISTRAÇÃO DIRETA,73400.00,0.00,9000.00,0.00,0.00,0.00,0.00,0.00,81545.78,81545.78,81545.78,0.00,0.00,0.00
2019,12,149,PORTO ALEGRE,54909,DEP. MUNICIPAL DE HABITAÇÃO - PORTO ALEGRE,207922,31,DEPARTAMENTO MUNICIPAL DE HABITAÇÃO,1,DEPARTAMENTO MUNICIPAL DE HABITAÇÃO,ATE,28,ENCARGOS ESPECIAIS,846,OUTROS ENCARGOS ESPECIAIS,178,"GESTÃO DE PROCESSOS, TECNOLOGIA E TRANSPARÊNCIA",9085,SENTENÇAS JUDICIAIS,3.1.90.91,1,RECURSO LIVRE - ADMINISTRAÇÃO DIRETA,1052485.00,0.00,534500.00,0.00,0.00,0.00,0.00,1134400.00,450747.51,450747.51,401338.91,0.00,0.00,0.00
2019,12,149,PORTO ALEGRE,54909,DEP. MUNICIPAL DE HABITAÇÃO - PORTO ALEGRE,207922,31,DEPARTAMENTO MUNICIPAL DE HABITAÇÃO,1,DEPARTAMENTO MUNICIPAL DE HABITAÇÃO,ATE,28,ENCARGOS ESPECIAIS,846,OUTROS ENCARGOS ESPECIAIS,178,"GESTÃO DE PROCESSOS, TECNOLOGIA E TRANSPARÊNCIA",9085,SENTENÇAS JUDICIAIS,3.1.90.92,1,RECURSO LIVRE - ADMINISTRAÇÃO DIRETA,0.00,0.00,0.00,0.00,0.00,0.00,1134400.00,0.00,1134353.45,1134353.45,1134353.45,0.00,0.00,0.00
2019,12,149,PORTO ALEGRE,54909,DEP. MUNICIPAL DE HABITAÇÃO - PORTO ALEGRE,207922,31,DEPARTAMENTO MUNICIPAL DE HABITAÇÃO,1,DEPARTAMENTO MUNICIPAL DE HABITAÇÃO,ATE,28,ENCARGOS ESPECIAIS,846,OUTROS ENCARGOS ESPECIAIS,178,"GESTÃO DE PROCESSOS, TECNOLOGIA E TRANSPARÊNCIA",9085,SENTENÇAS JUDICIAIS,3.3.90.91,1,RECURSO LIVRE - ADMINISTRAÇÃO DIRETA,171825.00,0.00,408510.00,0.00,0.00,0.00,0.00,362070.00,214984.59,214984.59,176474.66,0.00,0.00,0.00
2019,12,149,PORTO ALEGRE,54909,DEP. MUNICIPAL DE HABITAÇÃO - PORTO ALEGRE,207922,31,DEPARTAMENTO MUNICIPAL DE HABITAÇÃO,1,DEPARTAMENTO MUNICIPAL DE HABITAÇÃO,ATE,28,ENCARGOS ESPECIAIS,846,OUTROS ENCARGOS ESPECIAIS,178,"GESTÃO DE PROCESSOS, TECNOLOGIA E TRANSPARÊNCIA",9085,SENTENÇAS JUDICIAIS,3.3.90.92,1,RECURSO LIVRE - ADMINISTRAÇÃO DIRETA,1000.00,0.00,0.00,0.00,0.00,0.00,362070.00,0.00,363069.89,363069.89,363069.89,0.00,0.00,0.00
2019,12,149,PORTO ALEGRE,54909,DEP. MUNICIPAL DE HABITAÇÃO - PORTO ALEGRE,207922,31,DEPARTAMENTO MUNICIPAL DE HABITAÇÃO,1,DEPARTAMENTO MUNICIPAL DE HABITAÇÃO,ATE,28,ENCARGOS ESPECIAIS,846,OUTROS ENCARGOS ESPECIAIS,178,"GESTÃO DE PROCESSOS, TECNOLOGIA E TRANSPARÊNCIA",9085,SENTENÇAS JUDICIAIS,4.4.90.91,1,RECURSO LIVRE - ADMINISTRAÇÃO DIRETA,3398737.00,0.00,0.00,0.00,0.00,552010.00,0.00,0.00,0.00,0.00,0.00,0.00,0.00,0.00
2019,12,149,PORTO ALEGRE,54909,DEP. MUNICIPAL DE HABITAÇÃO - PORTO ALEGRE,207922,31,DEPARTAMENTO MUNICIPAL DE HABITAÇÃO,1,DEPARTAMENTO MUNICIPAL DE HABITAÇÃO,ATE,28,ENCARGOS ESPECIAIS,846,OUTROS ENCARGOS ESPECIAIS,179,GESTÃO DE PESSOAS,9068,ENCARGOS ESPECIAIS - DEMHAB,3.1.90.08,1,RECURSO LIVRE - ADMINISTRAÇÃO DIRETA,55000.00,0.00,0.00,0.00,0.00,0.00,0.00,0.00,11908.06,11908.06,11908.06,0.00,0.00,0.00
2019,12,149,PORTO ALEGRE,54909,DEP. MUNICIPAL DE HABITAÇÃO - PORTO ALEGRE,207922,31,DEPARTAMENTO MUNICIPAL DE HABITAÇÃO,1,DEPARTAMENTO MUNICIPAL DE HABITAÇÃO,ATE,28,ENCARGOS ESPECIAIS,846,OUTROS ENCARGOS ESPECIAIS,179,GESTÃO DE PESSOAS,9068,ENCARGOS ESPECIAIS - DEMHAB,3.3.90.47,1,RECURSO LIVRE - ADMINISTRAÇÃO DIRETA,35000.00,0.00,0.00,0.00,0.00,0.00,0.00,1805.00,0.00,0.00,0.00,0.00,0.00,0.00
2019,12,149,PORTO ALEGRE,54909,DEP. MUNICIPAL DE HABITAÇÃO - PORTO ALEGRE,207922,31,DEPARTAMENTO MUNICIPAL DE HABITAÇÃO,1,DEPARTAMENTO MUNICIPAL DE HABITAÇÃO,ATE,28,ENCARGOS ESPECIAIS,846,OUTROS ENCARGOS ESPECIAIS,179,GESTÃO DE PESSOAS,9068,ENCARGOS ESPECIAIS - DEMHAB,3.3.90.92,1,RECURSO LIVRE - ADMINISTRAÇÃO DIRETA,1000.00,0.00,0.00,0.00,0.00,0.00,0.00,0.00,0.00,0.00,0.00,0.00,0.00,0.00
2019,12,149,PORTO ALEGRE,54909,DEP. MUNICIPAL DE HABITAÇÃO - PORTO ALEGRE,207922,31,DEPARTAMENTO MUNICIPAL DE HABITAÇÃO,1,DEPARTAMENTO MUNICIPAL DE HABITAÇÃO,ATE,28,ENCARGOS ESPECIAIS,846,OUTROS ENCARGOS ESPECIAIS,179,GESTÃO DE PESSOAS,9068,ENCARGOS ESPECIAIS - DEMHAB,3.3.90.93,1,RECURSO LIVRE - ADMINISTRAÇÃO DIRETA,24930.00,0.00,0.00,0.00,0.00,0.00,1805.00,0.00,26354.61,26354.61,26354.61,0.00,0.00,0.00
2019,12,149,PORTO ALEGRE,54909,DEP. MUNICIPAL DE HABITAÇÃO - PORTO ALEGRE,207922,31,DEPARTAMENTO MUNICIPAL DE HABITAÇÃO,1,DEPARTAMENTO MUNICIPAL DE HABITAÇÃO,ATE,28,ENCARGOS ESPECIAIS,846,OUTROS ENCARGOS ESPECIAIS,179,GESTÃO DE PESSOAS,9068,ENCARGOS ESPECIAIS - DEMHAB,3.3.90.93,400,RECURSO LIVRE - ADMINISTRAÇÃO INDIRETA,20000.00,0.00,0.00,0.00,0.00,0.00,0.00,0.00,0.00,0.00,0.00,0.00,0.00,0.00
