MZUEUQRT,MZ,UEU,QRT,ae_01,ae_02,ae_03,ae_04,ae_05,ae_06,ae_07,ae_08,ae_09,ae_10,ae_11,ae_12,ae_13,ae_14,ae_15,ae_16
1002003,1,2,3,AE,AE,AE,AE,AE,AE,AE,AE,AE,AE,AE,AE,AE,AE,AE,AE
1002005,1,2,5,AE,AE,AE,AE,AE,AE,AE,AE,AE,AE,AE,AE,AE,AE,AE,AE
1004003,1,4,3,AE,AE,AE,AE,AE,AE,AE,AE,AE,AE,AE,AE,AE,AE,AE,AE
1004011,1,4,11,AE,AE,AE,AE,AE,AE,AE,AE,AE,AE,AE,AE,AE,AE,AE,AE
1004017,1,4,17,AE,AE,AE,AE,AE,AE,AE,AE,AE,AE,AE,AE,AE,AE,AE,AE
1006007,1,6,7,AE,AE,AE,AE,AE,AE,AE,AE,AE,AE,AE,AE,AE,AE,AE,AE
1006057,1,6,57,AE,AE,AE,AE,AE,AE,AE,AE,AE,AE,AE,AE,AE,AE,AE,AE
1010001,1,10,1,AE,AE,AE,AE,AE,AE,AE,AE,AE,AE,AE,AE,AE,AE,AE,AE
1010025,1,10,25,AE,AE,AE,AE,AE,AE,AE,AE,AE,AE,AE,AE,AE,AE,AE,AE
1010045,1,10,45,AE,AE,AE,AE,AE,AE,AE,AE,AE,AE,AE,AE,AE,AE,AE,AE
1010073,1,10,73,AE,AE,AE,AE,AE,AE,AE,AE,AE,AE,AE,AE,AE,AE,AE,AE
1012081,1,12,81,AE,AE,AE,AE,AE,AE,AE,AE,AE,AE,AE,AE,AE,AE,AE,AE
1018001,1,18,1,AE,AE,AE,AE,AE,AE,AE,AE,AE,AE,AE,AE,AE,AE,AE,AE
1018029,1,18,29,AE,AE,AE,AE,AE,AE,AE,AE,AE,AE,AE,AE,AE,AE,AE,AE
1018035,1,18,35,AE,AE,AE,AE,AE,AE,AE,AE,AE,AE,AE,AE,AE,AE,AE,AE
1022007,1,22,7,AE,AE,AE,AE,AE,AE,AE,AE,AE,AE,AE,AE,AE,AE,AE,AE
1024005,1,24,5,AE,AE,AE,AE,AE,AE,AE,AE,AE,AE,AE,AE,AE,AE,AE,AE
1026001,1,26,1,AE,AE,AE,AE,AE,AE,AE,AE,AE,AE,AE,AE,AE,AE,AE,AE
1026009,1,26,9,AE,AE,AE,AE,AE,AE,AE,AE,AE,AE,AE,AE,AE,AE,AE,AE
1026011,1,26,11,AE,AE,AE,AE,AE,AE,AE,AE,AE,AE,AE,AE,AE,AE,AE,AE
1026013,1,26,13,AE,AE,AE,AE,AE,AE,AE,AE,AE,AE,AE,AE,AE,AE,AE,AE
1026015,1,26,15,AE,AE,AE,AE,AE,AE,AE,AE,AE,AE,AE,AE,AE,AE,AE,AE
1026019,1,26,19,AE,AE,AE,AE,AE,AE,AE,AE,AE,AE,AE,AE,AE,AE,AE,AE
1026021,1,26,21,AE,AE,AE,AE,AE,AE,AE,AE,AE,AE,AE,AE,AE,AE,AE,AE
1026023,1,26,23,AE,AE,AE,AE,AE,AE,AE,AE,AE,AE,AE,AE,AE,AE,AE,AE
1026025,1,26,25,AE,AE,AE,AE,AE,AE,AE,AE,AE,AE,AE,AE,AE,AE,AE,AE
1026027,1,26,27,AE,AE,AE,AE,AE,AE,AE,AE,AE,AE,AE,AE,AE,AE,AE,AE
1026043,1,26,43,AE,AE,AE,AE,AE,AE,AE,AE,AE,AE,AE,AE,AE,AE,AE,AE
1026045,1,26,45,AE,AE,AE,AE,AE,AE,AE,AE,AE,AE,AE,AE,AE,AE,AE,AE
1026047,1,26,47,AE,AE,AE,AE,AE,AE,AE,AE,AE,AE,AE,AE,AE,AE,AE,AE
1026049,1,26,49,AE,AE,AE,AE,AE,AE,AE,AE,AE,AE,AE,AE,AE,AE,AE,AE
1026057,1,26,57,AE,AE,AE,AE,AE,AE,AE,AE,AE,AE,AE,AE,AE,AE,AE,AE
1026059,1,26,59,AE,AE,AE,AE,AE,AE,AE,AE,AE,AE,AE,AE,AE,AE,AE,AE
1026063,1,26,63,AE,AE,AE,AE,AE,AE,AE,AE,AE,AE,AE,AE,AE,AE,AE,AE
1026065,1,26,65,AE,AE,AE,AE,AE,AE,AE,AE,AE,AE,AE,AE,AE,AE,AE,AE
1026069,1,26,69,AE,AE,AE,AE,AE,AE,AE,AE,AE,AE,AE,AE,AE,AE,AE,AE
1026071,1,26,71,AE,AE,AE,AE,AE,AE,AE,AE,AE,AE,AE,AE,AE,AE,AE,AE
1026073,1,26,73,AE,AE,AE,AE,AE,AE,AE,AE,AE,AE,AE,AE,AE,AE,AE,AE
1026075,1,26,75,AE,AE,AE,AE,AE,AE,AE,AE,AE,AE,AE,AE,AE,AE,AE,AE
1026081,1,26,81,AE,AE,AE,AE,AE,AE,AE,AE,AE,AE,AE,AE,AE,AE,AE,AE
1026091,1,26,91,AE,AE,AE,AE,AE,AE,AE,AE,AE,AE,AE,AE,AE,AE,AE,AE
1026097,1,26,97,AE,AE,AE,AE,AE,AE,AE,AE,AE,AE,AE,AE,AE,AE,AE,AE
1026099,1,26,99,AE,AE,AE,AE,AE,AE,AE,AE,AE,AE,AE,AE,AE,AE,AE,AE
1026101,1,26,101,AE,AE,AE,AE,AE,AE,AE,AE,AE,AE,AE,AE,AE,AE,AE,AE
1026109,1,26,109,AE,AE,AE,AE,AE,AE,AE,AE,AE,AE,AE,AE,AE,AE,AE,AE
1026111,1,26,111,AE,AE,AE,AE,AE,AE,AE,AE,AE,AE,AE,AE,AE,AE,AE,AE
1026113,1,26,113,AE,AE,AE,AE,AE,AE,AE,AE,AE,AE,AE,AE,AE,AE,AE,AE
1026117,1,26,117,AE,AE,AE,AE,AE,AE,AE,AE,AE,AE,AE,AE,AE,AE,AE,AE
1026121,1,26,121,AE,AE,AE,AE,AE,AE,AE,AE,AE,AE,AE,AE,AE,AE,AE,AE
1026123,1,26,123,AE,AE,AE,AE,AE,AE,AE,AE,AE,AE,AE,AE,AE,AE,AE,AE
1026145,1,26,145,AE,AE,AE,AE,AE,AE,AE,AE,AE,AE,AE,AE,AE,AE,AE,AE
1026175,1,26,175,AE,AE,AE,AE,AE,AE,AE,AE,AE,AE,AE,AE,AE,AE,AE,AE
1026199,1,26,199,AE,AE,AE,AE,AE,AE,AE,AE,AE,AE,AE,AE,AE,AE,AE,AE
1026207,1,26,207,AE,AE,AE,AE,AE,AE,AE,AE,AE,AE,AE,AE,AE,AE,AE,AE
1026209,1,26,209,AE,AE,AE,AE,AE,AE,AE,AE,AE,AE,AE,AE,AE,AE,AE,AE
1026211,1,26,211,AE,AE,AE,AE,AE,AE,AE,AE,AE,AE,AE,AE,AE,AE,AE,AE
1026213,1,26,213,AE,AE,AE,AE,AE,AE,AE,AE,AE,AE,AE,AE,AE,AE,AE,AE
1026215,1,26,215,AE,AE,AE,AE,AE,AE,AE,AE,AE,AE,AE,AE,AE,AE,AE,AE
1026217,1,26,217,AE,AE,AE,AE,AE,AE,AE,AE,AE,AE,AE,AE,AE,AE,AE,AE
1026219,1,26,219,AE,AE,AE,AE,AE,AE,AE,AE,AE,AE,AE,AE,AE,AE,AE,AE
1026235,1,26,235,AE,AE,AE,AE,AE,AE,AE,AE,AE,AE,AE,AE,AE,AE,AE,AE
1026237,1,26,237,AE,AE,AE,AE,AE,AE,AE,AE,AE,AE,AE,AE,AE,AE,AE,AE
1026253,1,26,253,AE,AE,AE,AE,AE,AE,AE,AE,AE,AE,AE,AE,AE,AE,AE,AE
1026271,1,26,271,AE,AE,AE,AE,AE,AE,AE,AE,AE,AE,AE,AE,AE,AE,AE,AE
1026295,1,26,295,AE,AE,AE,AE,AE,AE,AE,AE,AE,AE,AE,AE,AE,AE,AE,AE
1026299,1,26,299,AE,AE,AE,AE,AE,AE,AE,AE,AE,AE,AE,AE,AE,AE,AE,AE
1026343,1,26,343,AE,AE,AE,AE,AE,AE,AE,AE,AE,AE,AE,AE,AE,AE,AE,AE
1026347,1,26,347,AE,AE,AE,AE,AE,AE,AE,AE,AE,AE,AE,AE,AE,AE,AE,AE
1026349,1,26,349,AE,AE,AE,AE,AE,AE,AE,AE,AE,AE,AE,AE,AE,AE,AE,AE
1026353,1,26,353,AE,AE,AE,AE,AE,AE,AE,AE,AE,AE,AE,AE,AE,AE,AE,AE
1026355,1,26,355,AE,AE,AE,AE,AE,AE,AE,AE,AE,AE,AE,AE,AE,AE,AE,AE
1026357,1,26,357,AE,AE,AE,AE,AE,AE,AE,AE,AE,AE,AE,AE,AE,AE,AE,AE
1026359,1,26,359,AE,AE,AE,AE,AE,AE,AE,AE,AE,AE,AE,AE,AE,AE,AE,AE
1026361,1,26,361,AE,AE,AE,AE,AE,AE,AE,AE,AE,AE,AE,AE,AE,AE,AE,AE
1028009,1,28,9,AE,AE,AE,AE,AE,AE,AE,AE,AE,AE,AE,AE,AE,AE,AE,AE
1028021,1,28,21,AE,AE,AE,AE,AE,AE,AE,AE,AE,AE,AE,AE,AE,AE,AE,AE
1028065,1,28,65,AE,AE,AE,AE,AE,AE,AE,AE,AE,AE,AE,AE,AE,AE,AE,AE
1028119,1,28,119,AE,AE,AE,AE,AE,AE,AE,AE,AE,AE,AE,AE,AE,AE,AE,AE
1028121,1,28,121,AE,AE,AE,AE,AE,AE,AE,AE,AE,AE,AE,AE,AE,AE,AE,AE
1028123,1,28,123,AE,AE,AE,AE,AE,AE,AE,AE,AE,AE,AE,AE,AE,AE,AE,AE
1028125,1,28,125,AE,AE,AE,AE,AE,AE,AE,AE,AE,AE,AE,AE,AE,AE,AE,AE
1028139,1,28,139,AE,AE,AE,AE,AE,AE,AE,AE,AE,AE,AE,AE,AE,AE,AE,AE
1028163,1,28,163,AE,AE,AE,AE,AE,AE,AE,AE,AE,AE,AE,AE,AE,AE,AE,AE
1028165,1,28,165,AE,AE,AE,AE,AE,AE,AE,AE,AE,AE,AE,AE,AE,AE,AE,AE
1028179,1,28,179,AE,AE,AE,AE,AE,AE,AE,AE,AE,AE,AE,AE,AE,AE,AE,AE
1028185,1,28,185,AE,AE,AE,AE,AE,AE,AE,AE,AE,AE,AE,AE,AE,AE,AE,AE
1028205,1,28,205,AE,AE,AE,AE,AE,AE,AE,AE,AE,AE,AE,AE,AE,AE,AE,AE
1030029,1,30,29,AE,AE,AE,AE,AE,AE,AE,AE,AE,AE,AE,AE,AE,AE,AE,AE
1030059,1,30,59,AE,AE,AE,AE,AE,AE,AE,AE,AE,AE,AE,AE,AE,AE,AE,AE
1030061,1,30,61,AE,AE,AE,AE,AE,AE,AE,AE,AE,AE,AE,AE,AE,AE,AE,AE
1030069,1,30,69,AE,AE,AE,AE,AE,AE,AE,AE,AE,AE,AE,AE,AE,AE,AE,AE
1030105,1,30,105,AE,AE,AE,AE,AE,AE,AE,AE,AE,AE,AE,AE,AE,AE,AE,AE
1030115,1,30,115,AE,AE,AE,AE,AE,AE,AE,AE,AE,AE,AE,AE,AE,AE,AE,AE
1030141,1,30,141,AE,AE,AE,AE,AE,AE,AE,AE,AE,AE,AE,AE,AE,AE,AE,AE
1032027,1,32,27,AE,AE,AE,AE,AE,AE,AE,AE,AE,AE,AE,AE,AE,AE,AE,AE
1036013,1,36,13,AE,AE,AE,AE,AE,AE,AE,AE,AE,AE,AE,AE,AE,AE,AE,AE
1036069,1,36,69,AE,AE,AE,AE,AE,AE,AE,AE,AE,AE,AE,AE,AE,AE,AE,AE
1036087,1,36,87,AE,AE,AE,AE,AE,AE,AE,AE,AE,AE,AE,AE,AE,AE,AE,AE
1036153,1,36,153,AE,AE,AE,AE,AE,AE,AE,AE,AE,AE,AE,AE,AE,AE,AE,AE
1036171,1,36,171,AE,AE,AE,AE,AE,AE,AE,AE,AE,AE,AE,AE,AE,AE,AE,AE
1038005,1,38,5,AE,AE,AE,AE,AE,AE,AE,AE,AE,AE,AE,AE,AE,AE,AE,AE
1038007,1,38,7,AE,AE,AE,AE,AE,AE,AE,AE,AE,AE,AE,AE,AE,AE,AE,AE
1038013,1,38,13,AE,AE,AE,AE,AE,AE,AE,AE,AE,AE,AE,AE,AE,AE,AE,AE
1042017,1,42,17,AE,AE,AE,AE,AE,AE,AE,AE,AE,AE,AE,AE,AE,AE,AE,AE
1042051,1,42,51,AE,AE,AE,AE,AE,AE,AE,AE,AE,AE,AE,AE,AE,AE,AE,AE
1042063,1,42,63,AE,AE,AE,AE,AE,AE,AE,AE,AE,AE,AE,AE,AE,AE,AE,AE
1042109,1,42,109,AE,AE,AE,AE,AE,AE,AE,AE,AE,AE,AE,AE,AE,AE,AE,AE
1046001,1,46,1,AE,AE,AE,AE,AE,AE,AE,AE,AE,AE,AE,AE,AE,AE,AE,AE
1046001,1,46,1,AE,AE,AE,AE,AE,AE,AE,AE,AE,AE,AE,AE,AE,AE,AE,AE
1046003,1,46,3,AE,AE,AE,AE,AE,AE,AE,AE,AE,AE,AE,AE,AE,AE,AE,AE
1046005,1,46,5,AE,AE,AE,AE,AE,AE,AE,AE,AE,AE,AE,AE,AE,AE,AE,AE
1046007,1,46,7,AE,AE,AE,AE,AE,AE,AE,AE,AE,AE,AE,AE,AE,AE,AE,AE
1046009,1,46,9,AE,AE,AE,AE,AE,AE,AE,AE,AE,AE,AE,AE,AE,AE,AE,AE
1048001,1,48,1,AE,AE,AE,AE,AE,AE,AE,AE,AE,AE,AE,AE,AE,AE,AE,AE
1048003,1,48,3,AE,AE,AE,AE,AE,AE,AE,AE,AE,AE,AE,AE,AE,AE,AE,AE
1048005,1,48,5,AE,AE,AE,AE,AE,AE,AE,AE,AE,AE,AE,AE,AE,AE,AE,AE
1048007,1,48,7,AE,AE,AE,AE,AE,AE,AE,AE,AE,AE,AE,AE,AE,AE,AE,AE
1048009,1,48,9,AE,AE,AE,AE,AE,AE,AE,AE,AE,AE,AE,AE,AE,AE,AE,AE
1048011,1,48,11,AE,AE,AE,AE,AE,AE,AE,AE,AE,AE,AE,AE,AE,AE,AE,AE
1048013,1,48,13,AE,AE,AE,AE,AE,AE,AE,AE,AE,AE,AE,AE,AE,AE,AE,AE
1048015,1,48,15,AE,AE,AE,AE,AE,AE,AE,AE,AE,AE,AE,AE,AE,AE,AE,AE
1048017,1,48,17,AE,AE,AE,AE,AE,AE,AE,AE,AE,AE,AE,AE,AE,AE,AE,AE
1048019,1,48,19,AE,AE,AE,AE,AE,AE,AE,AE,AE,AE,AE,AE,AE,AE,AE,AE
1050001,1,50,1,AE,AE,AE,AE,AE,AE,AE,AE,AE,AE,AE,AE,AE,AE,AE,AE
1050003,1,50,3,AE,AE,AE,AE,AE,AE,AE,AE,AE,AE,AE,AE,AE,AE,AE,AE
1050005,1,50,5,AE,AE,AE,AE,AE,AE,AE,AE,AE,AE,AE,AE,AE,AE,AE,AE
1050007,1,50,7,AE,AE,AE,AE,AE,AE,AE,AE,AE,AE,AE,AE,AE,AE,AE,AE
1050009,1,50,9,AE,AE,AE,AE,AE,AE,AE,AE,AE,AE,AE,AE,AE,AE,AE,AE
1050011,1,50,11,AE,AE,AE,AE,AE,AE,AE,AE,AE,AE,AE,AE,AE,AE,AE,AE
1052009,1,52,9,AE,AE,AE,AE,AE,AE,AE,AE,AE,AE,AE,AE,AE,AE,AE,AE
1052037,1,52,37,AE,AE,AE,AE,AE,AE,AE,AE,AE,AE,AE,AE,AE,AE,AE,AE
1052047,1,52,47,AE,AE,AE,AE,AE,AE,AE,AE,AE,AE,AE,AE,AE,AE,AE,AE
1052061,1,52,61,AE,AE,AE,AE,AE,AE,AE,AE,AE,AE,AE,AE,AE,AE,AE,AE
1052063,1,52,63,AE,AE,AE,AE,AE,AE,AE,AE,AE,AE,AE,AE,AE,AE,AE,AE
1052077,1,52,77,AE,AE,AE,AE,AE,AE,AE,AE,AE,AE,AE,AE,AE,AE,AE,AE
1052087,1,52,87,AE,AE,AE,AE,AE,AE,AE,AE,AE,AE,AE,AE,AE,AE,AE,AE
1052089,1,52,89,AE,AE,AE,AE,AE,AE,AE,AE,AE,AE,AE,AE,AE,AE,AE,AE
1052097,1,52,97,AE,AE,AE,AE,AE,AE,AE,AE,AE,AE,AE,AE,AE,AE,AE,AE
1052123,1,52,123,AE,AE,AE,AE,AE,AE,AE,AE,AE,AE,AE,AE,AE,AE,AE,AE
1052125,1,52,125,AE,AE,AE,AE,AE,AE,AE,AE,AE,AE,AE,AE,AE,AE,AE,AE
1052127,1,52,127,AE,AE,AE,AE,AE,AE,AE,AE,AE,AE,AE,AE,AE,AE,AE,AE
1052131,1,52,131,AE,AE,AE,AE,AE,AE,AE,AE,AE,AE,AE,AE,AE,AE,AE,AE
1052141,1,52,141,AE,AE,AE,AE,AE,AE,AE,AE,AE,AE,AE,AE,AE,AE,AE,AE
1054001,1,54,1,AE,AE,AE,AE,AE,AE,AE,AE,AE,AE,AE,AE,AE,AE,AE,AE
1056041,1,56,41,AE,AE,AE,AE,AE,AE,AE,AE,AE,AE,AE,AE,AE,AE,AE,AE
1056057,1,56,57,AE,AE,AE,AE,AE,AE,AE,AE,AE,AE,AE,AE,AE,AE,AE,AE
1056067,1,56,67,AE,AE,AE,AE,AE,AE,AE,AE,AE,AE,AE,AE,AE,AE,AE,AE
1056115,1,56,115,AE,AE,AE,AE,AE,AE,AE,AE,AE,AE,AE,AE,AE,AE,AE,AE
1056125,1,56,125,AE,AE,AE,AE,AE,AE,AE,AE,AE,AE,AE,AE,AE,AE,AE,AE
1056141,1,56,141,AE,AE,AE,AE,AE,AE,AE,AE,AE,AE,AE,AE,AE,AE,AE,AE
1056153,1,56,153,AE,AE,AE,AE,AE,AE,AE,AE,AE,AE,AE,AE,AE,AE,AE,AE
1058045,1,58,45,AE,AE,AE,AE,AE,AE,AE,AE,AE,AE,AE,AE,AE,AE,AE,AE
1060001,1,60,1,AE,AE,AE,AE,AE,AE,AE,AE,AE,AE,AE,AE,AE,AE,AE,AE
1060003,1,60,3,AE,AE,AE,AE,AE,AE,AE,AE,AE,AE,AE,AE,AE,AE,AE,AE
1062001,1,62,1,AE,AE,AE,AE,AE,AE,AE,AE,AE,AE,AE,AE,AE,AE,AE,AE
1062003,1,62,3,AE,AE,AE,AE,AE,AE,AE,AE,AE,AE,AE,AE,AE,AE,AE,AE
1062005,1,62,5,AE,AE,AE,AE,AE,AE,AE,AE,AE,AE,AE,AE,AE,AE,AE,AE
1062007,1,62,7,AE,AE,AE,AE,AE,AE,AE,AE,AE,AE,AE,AE,AE,AE,AE,AE
1062009,1,62,9,AE,AE,AE,AE,AE,AE,AE,AE,AE,AE,AE,AE,AE,AE,AE,AE
1062011,1,62,11,AE,AE,AE,AE,AE,AE,AE,AE,AE,AE,AE,AE,AE,AE,AE,AE
1064003,1,64,3,AE,AE,AE,AE,AE,AE,AE,AE,AE,AE,AE,AE,AE,AE,AE,AE
1064009,1,64,9,AE,AE,AE,AE,AE,AE,AE,AE,AE,AE,AE,AE,AE,AE,AE,AE
1066029,1,66,29,AE,AE,AE,AE,AE,AE,AE,AE,AE,AE,AE,AE,AE,AE,AE,AE
1066033,1,66,33,AE,AE,AE,AE,AE,AE,AE,AE,AE,AE,AE,AE,AE,AE,AE,AE
1068023,1,68,23,AE,AE,AE,AE,AE,AE,AE,AE,AE,AE,AE,AE,AE,AE,AE,AE
1070027,1,70,27,AE,AE,AE,AE,AE,AE,AE,AE,AE,AE,AE,AE,AE,AE,AE,AE
1074005,1,74,5,AE,AE,AE,AE,AE,AE,AE,AE,AE,AE,AE,AE,AE,AE,AE,AE
1074015,1,74,15,AE,AE,AE,AE,AE,AE,AE,AE,AE,AE,AE,AE,AE,AE,AE,AE
1074077,1,74,77,AE,AE,AE,AE,AE,AE,AE,AE,AE,AE,AE,AE,AE,AE,AE,AE
1074089,1,74,89,AE,AE,AE,AE,AE,AE,AE,AE,AE,AE,AE,AE,AE,AE,AE,AE
1080003,1,80,3,AE,AE,AE,AE,AE,AE,AE,AE,AE,AE,AE,AE,AE,AE,AE,AE
1080005,1,80,5,AE,AE,AE,AE,AE,AE,AE,AE,AE,AE,AE,AE,AE,AE,AE,AE
1080013,1,80,13,AE,AE,AE,AE,AE,AE,AE,AE,AE,AE,AE,AE,AE,AE,AE,AE
1080025,1,80,25,AE,AE,AE,AE,AE,AE,AE,AE,AE,AE,AE,AE,AE,AE,AE,AE
1080029,1,80,29,AE,AE,AE,AE,AE,AE,AE,AE,AE,AE,AE,AE,AE,AE,AE,AE
1080031,1,80,31,AE,AE,AE,AE,AE,AE,AE,AE,AE,AE,AE,AE,AE,AE,AE,AE
1082021,1,82,21,AE,AE,AE,AE,AE,AE,AE,AE,AE,AE,AE,AE,AE,AE,AE,AE
1082023,1,82,23,AE,AE,AE,AE,AE,AE,AE,AE,AE,AE,AE,AE,AE,AE,AE,AE
1082129,1,82,129,AE,AE,AE,AE,AE,AE,AE,AE,AE,AE,AE,AE,AE,AE,AE,AE
1086015,1,86,15,AE,AE,AE,AE,AE,AE,AE,AE,AE,AE,AE,AE,AE,AE,AE,AE
1086027,1,86,27,AE,AE,AE,AE,AE,AE,AE,AE,AE,AE,AE,AE,AE,AE,AE,AE
1086029,1,86,29,AE,AE,AE,AE,AE,AE,AE,AE,AE,AE,AE,AE,AE,AE,AE,AE
1086031,1,86,31,AE,AE,AE,AE,AE,AE,AE,AE,AE,AE,AE,AE,AE,AE,AE,AE
1086043,1,86,43,AE,AE,AE,AE,AE,AE,AE,AE,AE,AE,AE,AE,AE,AE,AE,AE
1086045,1,86,45,AE,AE,AE,AE,AE,AE,AE,AE,AE,AE,AE,AE,AE,AE,AE,AE
1086047,1,86,47,AE,AE,AE,AE,AE,AE,AE,AE,AE,AE,AE,AE,AE,AE,AE,AE
1086049,1,86,49,AE,AE,AE,AE,AE,AE,AE,AE,AE,AE,AE,AE,AE,AE,AE,AE
1086051,1,86,51,AE,AE,AE,AE,AE,AE,AE,AE,AE,AE,AE,AE,AE,AE,AE,AE
1086053,1,86,53,AE,AE,AE,AE,AE,AE,AE,AE,AE,AE,AE,AE,AE,AE,AE,AE
1086055,1,86,55,AE,AE,AE,AE,AE,AE,AE,AE,AE,AE,AE,AE,AE,AE,AE,AE
1086059,1,86,59,AE,AE,AE,AE,AE,AE,AE,AE,AE,AE,AE,AE,AE,AE,AE,AE
1086071,1,86,71,AE,AE,AE,AE,AE,AE,AE,AE,AE,AE,AE,AE,AE,AE,AE,AE
1086073,1,86,73,AE,AE,AE,AE,AE,AE,AE,AE,AE,AE,AE,AE,AE,AE,AE,AE
1086075,1,86,75,AE,AE,AE,AE,AE,AE,AE,AE,AE,AE,AE,AE,AE,AE,AE,AE
1086077,1,86,77,AE,AE,AE,AE,AE,AE,AE,AE,AE,AE,AE,AE,AE,AE,AE,AE
1086079,1,86,79,AE,AE,AE,AE,AE,AE,AE,AE,AE,AE,AE,AE,AE,AE,AE,AE
1086093,1,86,93,AE,AE,AE,AE,AE,AE,AE,AE,AE,AE,AE,AE,AE,AE,AE,AE
1086113,1,86,113,AE,AE,AE,AE,AE,AE,AE,AE,AE,AE,AE,AE,AE,AE,AE,AE
1086115,1,86,115,AE,AE,AE,AE,AE,AE,AE,AE,AE,AE,AE,AE,AE,AE,AE,AE
1086117,1,86,117,AE,AE,AE,AE,AE,AE,AE,AE,AE,AE,AE,AE,AE,AE,AE,AE
1086119,1,86,119,AE,AE,AE,AE,AE,AE,AE,AE,AE,AE,AE,AE,AE,AE,AE,AE
1086121,1,86,121,AE,AE,AE,AE,AE,AE,AE,AE,AE,AE,AE,AE,AE,AE,AE,AE
1086127,1,86,127,AE,AE,AE,AE,AE,AE,AE,AE,AE,AE,AE,AE,AE,AE,AE,AE
2008001,2,8,1,AE,AE,AE,AE,AE,AE,AE,AE,AE,AE,AE,AE,AE,AE,AE,AE
2008009,2,8,9,AE,AE,AE,AE,AE,AE,AE,AE,AE,AE,AE,AE,AE,AE,AE,AE
2010011,2,10,11,AE,AE,AE,AE,AE,AE,AE,AE,AE,AE,AE,AE,AE,AE,AE,AE
2012005,2,12,5,AE,AE,AE,AE,AE,AE,AE,AE,AE,AE,AE,AE,AE,AE,AE,AE
2012009,2,12,9,AE,AE,AE,AE,AE,AE,AE,AE,AE,AE,AE,AE,AE,AE,AE,AE
2016001,2,16,1,AE,AE,AE,AE,AE,AE,AE,AE,AE,AE,AE,AE,AE,AE,AE,AE
2016003,2,16,3,AE,AE,AE,AE,AE,AE,AE,AE,AE,AE,AE,AE,AE,AE,AE,AE
2016021,2,16,21,AE,AE,AE,AE,AE,AE,AE,AE,AE,AE,AE,AE,AE,AE,AE,AE
2016029,2,16,29,AE,AE,AE,AE,AE,AE,AE,AE,AE,AE,AE,AE,AE,AE,AE,AE
2016033,2,16,33,AE,AE,AE,AE,AE,AE,AE,AE,AE,AE,AE,AE,AE,AE,AE,AE
2016041,2,16,41,AE,AE,AE,AE,AE,AE,AE,AE,AE,AE,AE,AE,AE,AE,AE,AE
2016047,2,16,47,AE,AE,AE,AE,AE,AE,AE,AE,AE,AE,AE,AE,AE,AE,AE,AE
2016053,2,16,53,AE,AE,AE,AE,AE,AE,AE,AE,AE,AE,AE,AE,AE,AE,AE,AE
2016067,2,16,67,AE,AE,AE,AE,AE,AE,AE,AE,AE,AE,AE,AE,AE,AE,AE,AE
2016073,2,16,73,AE,AE,AE,AE,AE,AE,AE,AE,AE,AE,AE,AE,AE,AE,AE,AE
2016079,2,16,79,AE,AE,AE,AE,AE,AE,AE,AE,AE,AE,AE,AE,AE,AE,AE,AE
2016085,2,16,85,AE,AE,AE,AE,AE,AE,AE,AE,AE,AE,AE,AE,AE,AE,AE,AE
2016091,2,16,91,AE,AE,AE,AE,AE,AE,AE,AE,AE,AE,AE,AE,AE,AE,AE,AE
2016097,2,16,97,AE,AE,AE,AE,AE,AE,AE,AE,AE,AE,AE,AE,AE,AE,AE,AE
2016111,2,16,111,AE,AE,AE,AE,AE,AE,AE,AE,AE,AE,AE,AE,AE,AE,AE,AE
2016117,2,16,117,AE,AE,AE,AE,AE,AE,AE,AE,AE,AE,AE,AE,AE,AE,AE,AE
2016125,2,16,125,AE,AE,AE,AE,AE,AE,AE,AE,AE,AE,AE,AE,AE,AE,AE,AE
2016137,2,16,137,AE,AE,AE,AE,AE,AE,AE,AE,AE,AE,AE,AE,AE,AE,AE,AE
2016147,2,16,147,AE,AE,AE,AE,AE,AE,AE,AE,AE,AE,AE,AE,AE,AE,AE,AE
2016155,2,16,155,AE,AE,AE,AE,AE,AE,AE,AE,AE,AE,AE,AE,AE,AE,AE,AE
2016167,2,16,167,AE,AE,AE,AE,AE,AE,AE,AE,AE,AE,AE,AE,AE,AE,AE,AE
2016185,2,16,185,AE,AE,AE,AE,AE,AE,AE,AE,AE,AE,AE,AE,AE,AE,AE,AE
2016189,2,16,189,AE,AE,AE,AE,AE,AE,AE,AE,AE,AE,AE,AE,AE,AE,AE,AE
2016199,2,16,199,AE,AE,AE,AE,AE,AE,AE,AE,AE,AE,AE,AE,AE,AE,AE,AE
2016203,2,16,203,AE,AE,AE,AE,AE,AE,AE,AE,AE,AE,AE,AE,AE,AE,AE,AE
2016215,2,16,215,AE,AE,AE,AE,AE,AE,AE,AE,AE,AE,AE,AE,AE,AE,AE,AE
2016219,2,16,219,AE,AE,AE,AE,AE,AE,AE,AE,AE,AE,AE,AE,AE,AE,AE,AE
2016231,2,16,231,AE,AE,AE,AE,AE,AE,AE,AE,AE,AE,AE,AE,AE,AE,AE,AE
2016235,2,16,235,AE,AE,AE,AE,AE,AE,AE,AE,AE,AE,AE,AE,AE,AE,AE,AE
2018019,2,18,19,AE,AE,AE,AE,AE,AE,AE,AE,AE,AE,AE,AE,AE,AE,AE,AE
2018031,2,18,31,AE,AE,AE,AE,AE,AE,AE,AE,AE,AE,AE,AE,AE,AE,AE,AE
2018039,2,18,39,AE,AE,AE,AE,AE,AE,AE,AE,AE,AE,AE,AE,AE,AE,AE,AE
2020001,2,20,1,AE,AE,AE,AE,AE,AE,AE,AE,AE,AE,AE,AE,AE,AE,AE,AE
2022033,2,22,33,AE,AE,AE,AE,AE,AE,AE,AE,AE,AE,AE,AE,AE,AE,AE,AE
2022037,2,22,37,AE,AE,AE,AE,AE,AE,AE,AE,AE,AE,AE,AE,AE,AE,AE,AE
2024007,2,24,7,AE,AE,AE,AE,AE,AE,AE,AE,AE,AE,AE,AE,AE,AE,AE,AE
2026013,2,26,13,AE,AE,AE,AE,AE,AE,AE,AE,AE,AE,AE,AE,AE,AE,AE,AE
2030003,2,30,3,AE,AE,AE,AE,AE,AE,AE,AE,AE,AE,AE,AE,AE,AE,AE,AE
2030005,2,30,5,AE,AE,AE,AE,AE,AE,AE,AE,AE,AE,AE,AE,AE,AE,AE,AE
2030013,2,30,13,AE,AE,AE,AE,AE,AE,AE,AE,AE,AE,AE,AE,AE,AE,AE,AE
2030015,2,30,15,AE,AE,AE,AE,AE,AE,AE,AE,AE,AE,AE,AE,AE,AE,AE,AE
2030017,2,30,17,AE,AE,AE,AE,AE,AE,AE,AE,AE,AE,AE,AE,AE,AE,AE,AE
2030022,2,30,22,AE,AE,AE,AE,AE,AE,AE,AE,AE,AE,AE,AE,AE,AE,AE,AE
2030051,2,30,51,AE,AE,AE,AE,AE,AE,AE,AE,AE,AE,AE,AE,AE,AE,AE,AE
2030085,2,30,85,AE,AE,AE,AE,AE,AE,AE,AE,AE,AE,AE,AE,AE,AE,AE,AE
2030109,2,30,109,AE,AE,AE,AE,AE,AE,AE,AE,AE,AE,AE,AE,AE,AE,AE,AE
2034001,2,34,1,AE,AE,AE,AE,AE,AE,AE,AE,AE,AE,AE,AE,AE,AE,AE,AE
2034003,2,34,3,AE,AE,AE,AE,AE,AE,AE,AE,AE,AE,AE,AE,AE,AE,AE,AE
2036009,2,36,9,AE,AE,AE,AE,AE,AE,AE,AE,AE,AE,AE,AE,AE,AE,AE,AE
2036055,2,36,55,AE,AE,AE,AE,AE,AE,AE,AE,AE,AE,AE,AE,AE,AE,AE,AE
2036057,2,36,57,AE,AE,AE,AE,AE,AE,AE,AE,AE,AE,AE,AE,AE,AE,AE,AE
2036065,2,36,65,AE,AE,AE,AE,AE,AE,AE,AE,AE,AE,AE,AE,AE,AE,AE,AE
2042001,2,42,1,AE,AE,AE,AE,AE,AE,AE,AE,AE,AE,AE,AE,AE,AE,AE,AE
2042003,2,42,3,AE,AE,AE,AE,AE,AE,AE,AE,AE,AE,AE,AE,AE,AE,AE,AE
2042005,2,42,5,AE,AE,AE,AE,AE,AE,AE,AE,AE,AE,AE,AE,AE,AE,AE,AE
2042007,2,42,7,AE,AE,AE,AE,AE,AE,AE,AE,AE,AE,AE,AE,AE,AE,AE,AE
2042009,2,42,9,AE,AE,AE,AE,AE,AE,AE,AE,AE,AE,AE,AE,AE,AE,AE,AE
2042011,2,42,11,AE,AE,AE,AE,AE,AE,AE,AE,AE,AE,AE,AE,AE,AE,AE,AE
2042013,2,42,13,AE,AE,AE,AE,AE,AE,AE,AE,AE,AE,AE,AE,AE,AE,AE,AE
2048003,2,48,3,AE,AE,AE,AE,AE,AE,AE,AE,AE,AE,AE,AE,AE,AE,AE,AE
2048039,2,48,39,AE,AE,AE,AE,AE,AE,AE,AE,AE,AE,AE,AE,AE,AE,AE,AE
2048053,2,48,53,AE,AE,AE,AE,AE,AE,AE,AE,AE,AE,AE,AE,AE,AE,AE,AE
2048059,2,48,59,AE,AE,AE,AE,AE,AE,AE,AE,AE,AE,AE,AE,AE,AE,AE,AE
2048101,2,48,101,AE,AE,AE,AE,AE,AE,AE,AE,AE,AE,AE,AE,AE,AE,AE,AE
2048103,2,48,103,AE,AE,AE,AE,AE,AE,AE,AE,AE,AE,AE,AE,AE,AE,AE,AE
2048105,2,48,105,AE,AE,AE,AE,AE,AE,AE,AE,AE,AE,AE,AE,AE,AE,AE,AE
2050003,2,50,3,AE,AE,AE,AE,AE,AE,AE,AE,AE,AE,AE,AE,AE,AE,AE,AE
2050015,2,50,15,AE,AE,AE,AE,AE,AE,AE,AE,AE,AE,AE,AE,AE,AE,AE,AE
2050025,2,50,25,AE,AE,AE,AE,AE,AE,AE,AE,AE,AE,AE,AE,AE,AE,AE,AE
2050073,2,50,73,AE,AE,AE,AE,AE,AE,AE,AE,AE,AE,AE,AE,AE,AE,AE,AE
3002007,3,2,7,AE,AE,AE,AE,AE,AE,AE,AE,AE,AE,AE,AE,AE,AE,AE,AE
3004007,3,4,7,AE,AE,AE,AE,AE,AE,AE,AE,AE,AE,AE,AE,AE,AE,AE,AE
3004013,3,4,13,AE,AE,AE,AE,AE,AE,AE,AE,AE,AE,AE,AE,AE,AE,AE,AE
3004015,3,4,15,AE,AE,AE,AE,AE,AE,AE,AE,AE,AE,AE,AE,AE,AE,AE,AE
3004017,3,4,17,AE,AE,AE,AE,AE,AE,AE,AE,AE,AE,AE,AE,AE,AE,AE,AE
3004019,3,4,19,AE,AE,AE,AE,AE,AE,AE,AE,AE,AE,AE,AE,AE,AE,AE,AE
3004021,3,4,21,AE,AE,AE,AE,AE,AE,AE,AE,AE,AE,AE,AE,AE,AE,AE,AE
3004023,3,4,23,AE,AE,AE,AE,AE,AE,AE,AE,AE,AE,AE,AE,AE,AE,AE,AE
3004027,3,4,27,AE,AE,AE,AE,AE,AE,AE,AE,AE,AE,AE,AE,AE,AE,AE,AE
3004029,3,4,29,AE,AE,AE,AE,AE,AE,AE,AE,AE,AE,AE,AE,AE,AE,AE,AE
3004033,3,4,33,AE,AE,AE,AE,AE,AE,AE,AE,AE,AE,AE,AE,AE,AE,AE,AE
3004039,3,4,39,AE,AE,AE,AE,AE,AE,AE,AE,AE,AE,AE,AE,AE,AE,AE,AE
3004041,3,4,41,AE,AE,AE,AE,AE,AE,AE,AE,AE,AE,AE,AE,AE,AE,AE,AE
3004057,3,4,57,AE,AE,AE,AE,AE,AE,AE,AE,AE,AE,AE,AE,AE,AE,AE,AE
3004059,3,4,59,AE,AE,AE,AE,AE,AE,AE,AE,AE,AE,AE,AE,AE,AE,AE,AE
3004061,3,4,61,AE,AE,AE,AE,AE,AE,AE,AE,AE,AE,AE,AE,AE,AE,AE,AE
3004065,3,4,65,AE,AE,AE,AE,AE,AE,AE,AE,AE,AE,AE,AE,AE,AE,AE,AE
3004073,3,4,73,AE,AE,AE,AE,AE,AE,AE,AE,AE,AE,AE,AE,AE,AE,AE,AE
3006001,3,6,1,AE,AE,AE,AE,AE,AE,AE,AE,AE,AE,AE,AE,AE,AE,AE,AE
3008001,3,8,1,AE,AE,AE,AE,AE,AE,AE,AE,AE,AE,AE,AE,AE,AE,AE,AE
3008003,3,8,3,AE,AE,AE,AE,AE,AE,AE,AE,AE,AE,AE,AE,AE,AE,AE,AE
3008005,3,8,5,AE,AE,AE,AE,AE,AE,AE,AE,AE,AE,AE,AE,AE,AE,AE,AE
3008007,3,8,7,AE,AE,AE,AE,AE,AE,AE,AE,AE,AE,AE,AE,AE,AE,AE,AE
3008009,3,8,9,AE,AE,AE,AE,AE,AE,AE,AE,AE,AE,AE,AE,AE,AE,AE,AE
3008015,3,8,15,AE,AE,AE,AE,AE,AE,AE,AE,AE,AE,AE,AE,AE,AE,AE,AE
3008017,3,8,17,AE,AE,AE,AE,AE,AE,AE,AE,AE,AE,AE,AE,AE,AE,AE,AE
3008019,3,8,19,AE,AE,AE,AE,AE,AE,AE,AE,AE,AE,AE,AE,AE,AE,AE,AE
3008021,3,8,21,AE,AE,AE,AE,AE,AE,AE,AE,AE,AE,AE,AE,AE,AE,AE,AE
3008025,3,8,25,AE,AE,AE,AE,AE,AE,AE,AE,AE,AE,AE,AE,AE,AE,AE,AE
3008027,3,8,27,AE,AE,AE,AE,AE,AE,AE,AE,AE,AE,AE,AE,AE,AE,AE,AE
3008029,3,8,29,AE,AE,AE,AE,AE,AE,AE,AE,AE,AE,AE,AE,AE,AE,AE,AE
3008031,3,8,31,AE,AE,AE,AE,AE,AE,AE,AE,AE,AE,AE,AE,AE,AE,AE,AE
3008033,3,8,33,AE,AE,AE,AE,AE,AE,AE,AE,AE,AE,AE,AE,AE,AE,AE,AE
3008035,3,8,35,AE,AE,AE,AE,AE,AE,AE,AE,AE,AE,AE,AE,AE,AE,AE,AE
3008037,3,8,37,AE,AE,AE,AE,AE,AE,AE,AE,AE,AE,AE,AE,AE,AE,AE,AE
3008039,3,8,39,AE,AE,AE,AE,AE,AE,AE,AE,AE,AE,AE,AE,AE,AE,AE,AE
3008041,3,8,41,AE,AE,AE,AE,AE,AE,AE,AE,AE,AE,AE,AE,AE,AE,AE,AE
3008049,3,8,49,AE,AE,AE,AE,AE,AE,AE,AE,AE,AE,AE,AE,AE,AE,AE,AE
3012035,3,12,35,AE,AE,AE,AE,AE,AE,AE,AE,AE,AE,AE,AE,AE,AE,AE,AE
3012065,3,12,65,AE,AE,AE,AE,AE,AE,AE,AE,AE,AE,AE,AE,AE,AE,AE,AE
3012075,3,12,75,AE,AE,AE,AE,AE,AE,AE,AE,AE,AE,AE,AE,AE,AE,AE,AE
3018003,3,18,3,AE,AE,AE,AE,AE,AE,AE,AE,AE,AE,AE,AE,AE,AE,AE,AE
3018005,3,18,5,AE,AE,AE,AE,AE,AE,AE,AE,AE,AE,AE,AE,AE,AE,AE,AE
3018007,3,18,7,AE,AE,AE,AE,AE,AE,AE,AE,AE,AE,AE,AE,AE,AE,AE,AE
3018009,3,18,9,AE,AE,AE,AE,AE,AE,AE,AE,AE,AE,AE,AE,AE,AE,AE,AE
3018011,3,18,11,AE,AE,AE,AE,AE,AE,AE,AE,AE,AE,AE,AE,AE,AE,AE,AE
3018013,3,18,13,AE,AE,AE,AE,AE,AE,AE,AE,AE,AE,AE,AE,AE,AE,AE,AE
3018015,3,18,15,AE,AE,AE,AE,AE,AE,AE,AE,AE,AE,AE,AE,AE,AE,AE,AE
3018017,3,18,17,AE,AE,AE,AE,AE,AE,AE,AE,AE,AE,AE,AE,AE,AE,AE,AE
3018019,3,18,19,AE,AE,AE,AE,AE,AE,AE,AE,AE,AE,AE,AE,AE,AE,AE,AE
3018021,3,18,21,AE,AE,AE,AE,AE,AE,AE,AE,AE,AE,AE,AE,AE,AE,AE,AE
3018023,3,18,23,AE,AE,AE,AE,AE,AE,AE,AE,AE,AE,AE,AE,AE,AE,AE,AE
3018025,3,18,25,AE,AE,AE,AE,AE,AE,AE,AE,AE,AE,AE,AE,AE,AE,AE,AE
3018027,3,18,27,AE,AE,AE,AE,AE,AE,AE,AE,AE,AE,AE,AE,AE,AE,AE,AE
3018029,3,18,29,AE,AE,AE,AE,AE,AE,AE,AE,AE,AE,AE,AE,AE,AE,AE,AE
3018031,3,18,31,AE,AE,AE,AE,AE,AE,AE,AE,AE,AE,AE,AE,AE,AE,AE,AE
3018033,3,18,33,AE,AE,AE,AE,AE,AE,AE,AE,AE,AE,AE,AE,AE,AE,AE,AE
3018035,3,18,35,AE,AE,AE,AE,AE,AE,AE,AE,AE,AE,AE,AE,AE,AE,AE,AE
3018037,3,18,37,AE,AE,AE,AE,AE,AE,AE,AE,AE,AE,AE,AE,AE,AE,AE,AE
3018039,3,18,39,AE,AE,AE,AE,AE,AE,AE,AE,AE,AE,AE,AE,AE,AE,AE,AE
3018041,3,18,41,AE,AE,AE,AE,AE,AE,AE,AE,AE,AE,AE,AE,AE,AE,AE,AE
3018043,3,18,43,AE,AE,AE,AE,AE,AE,AE,AE,AE,AE,AE,AE,AE,AE,AE,AE
3018045,3,18,45,AE,AE,AE,AE,AE,AE,AE,AE,AE,AE,AE,AE,AE,AE,AE,AE
3018047,3,18,47,AE,AE,AE,AE,AE,AE,AE,AE,AE,AE,AE,AE,AE,AE,AE,AE
3018049,3,18,49,AE,AE,AE,AE,AE,AE,AE,AE,AE,AE,AE,AE,AE,AE,AE,AE
3018051,3,18,51,AE,AE,AE,AE,AE,AE,AE,AE,AE,AE,AE,AE,AE,AE,AE,AE
3018053,3,18,53,AE,AE,AE,AE,AE,AE,AE,AE,AE,AE,AE,AE,AE,AE,AE,AE
3018055,3,18,55,AE,AE,AE,AE,AE,AE,AE,AE,AE,AE,AE,AE,AE,AE,AE,AE
3018057,3,18,57,AE,AE,AE,AE,AE,AE,AE,AE,AE,AE,AE,AE,AE,AE,AE,AE
3018059,3,18,59,AE,AE,AE,AE,AE,AE,AE,AE,AE,AE,AE,AE,AE,AE,AE,AE
3018061,3,18,61,AE,AE,AE,AE,AE,AE,AE,AE,AE,AE,AE,AE,AE,AE,AE,AE
3018063,3,18,63,AE,AE,AE,AE,AE,AE,AE,AE,AE,AE,AE,AE,AE,AE,AE,AE
3018065,3,18,65,AE,AE,AE,AE,AE,AE,AE,AE,AE,AE,AE,AE,AE,AE,AE,AE
3018067,3,18,67,AE,AE,AE,AE,AE,AE,AE,AE,AE,AE,AE,AE,AE,AE,AE,AE
3018069,3,18,69,AE,AE,AE,AE,AE,AE,AE,AE,AE,AE,AE,AE,AE,AE,AE,AE
3018071,3,18,71,AE,AE,AE,AE,AE,AE,AE,AE,AE,AE,AE,AE,AE,AE,AE,AE
3018073,3,18,73,AE,AE,AE,AE,AE,AE,AE,AE,AE,AE,AE,AE,AE,AE,AE,AE
3018075,3,18,75,AE,AE,AE,AE,AE,AE,AE,AE,AE,AE,AE,AE,AE,AE,AE,AE
3018077,3,18,77,AE,AE,AE,AE,AE,AE,AE,AE,AE,AE,AE,AE,AE,AE,AE,AE
3018079,3,18,79,AE,AE,AE,AE,AE,AE,AE,AE,AE,AE,AE,AE,AE,AE,AE,AE
3018085,3,18,85,AE,AE,AE,AE,AE,AE,AE,AE,AE,AE,AE,AE,AE,AE,AE,AE
3018087,3,18,87,AE,AE,AE,AE,AE,AE,AE,AE,AE,AE,AE,AE,AE,AE,AE,AE
3018089,3,18,89,AE,AE,AE,AE,AE,AE,AE,AE,AE,AE,AE,AE,AE,AE,AE,AE
3018091,3,18,91,AE,AE,AE,AE,AE,AE,AE,AE,AE,AE,AE,AE,AE,AE,AE,AE
3018093,3,18,93,AE,AE,AE,AE,AE,AE,AE,AE,AE,AE,AE,AE,AE,AE,AE,AE
3018095,3,18,95,AE,AE,AE,AE,AE,AE,AE,AE,AE,AE,AE,AE,AE,AE,AE,AE
3018097,3,18,97,AE,AE,AE,AE,AE,AE,AE,AE,AE,AE,AE,AE,AE,AE,AE,AE
3018099,3,18,99,AE,AE,AE,AE,AE,AE,AE,AE,AE,AE,AE,AE,AE,AE,AE,AE
3018101,3,18,101,AE,AE,AE,AE,AE,AE,AE,AE,AE,AE,AE,AE,AE,AE,AE,AE
3018103,3,18,103,AE,AE,AE,AE,AE,AE,AE,AE,AE,AE,AE,AE,AE,AE,AE,AE
3018109,3,18,109,AE,AE,AE,AE,AE,AE,AE,AE,AE,AE,AE,AE,AE,AE,AE,AE
3018113,3,18,113,AE,AE,AE,AE,AE,AE,AE,AE,AE,AE,AE,AE,AE,AE,AE,AE
3020007,3,20,7,AE,AE,AE,AE,AE,AE,AE,AE,AE,AE,AE,AE,AE,AE,AE,AE
3020011,3,20,11,AE,AE,AE,AE,AE,AE,AE,AE,AE,AE,AE,AE,AE,AE,AE,AE
3020013,3,20,13,AE,AE,AE,AE,AE,AE,AE,AE,AE,AE,AE,AE,AE,AE,AE,AE
3020015,3,20,15,AE,AE,AE,AE,AE,AE,AE,AE,AE,AE,AE,AE,AE,AE,AE,AE
3020017,3,20,17,AE,AE,AE,AE,AE,AE,AE,AE,AE,AE,AE,AE,AE,AE,AE,AE
3020019,3,20,19,AE,AE,AE,AE,AE,AE,AE,AE,AE,AE,AE,AE,AE,AE,AE,AE
3020021,3,20,21,AE,AE,AE,AE,AE,AE,AE,AE,AE,AE,AE,AE,AE,AE,AE,AE
3020023,3,20,23,AE,AE,AE,AE,AE,AE,AE,AE,AE,AE,AE,AE,AE,AE,AE,AE
3020025,3,20,25,AE,AE,AE,AE,AE,AE,AE,AE,AE,AE,AE,AE,AE,AE,AE,AE
3020027,3,20,27,AE,AE,AE,AE,AE,AE,AE,AE,AE,AE,AE,AE,AE,AE,AE,AE
3020029,3,20,29,AE,AE,AE,AE,AE,AE,AE,AE,AE,AE,AE,AE,AE,AE,AE,AE
3020031,3,20,31,AE,AE,AE,AE,AE,AE,AE,AE,AE,AE,AE,AE,AE,AE,AE,AE
3020033,3,20,33,AE,AE,AE,AE,AE,AE,AE,AE,AE,AE,AE,AE,AE,AE,AE,AE
3020035,3,20,35,AE,AE,AE,AE,AE,AE,AE,AE,AE,AE,AE,AE,AE,AE,AE,AE
3020037,3,20,37,AE,AE,AE,AE,AE,AE,AE,AE,AE,AE,AE,AE,AE,AE,AE,AE
3020039,3,20,39,AE,AE,AE,AE,AE,AE,AE,AE,AE,AE,AE,AE,AE,AE,AE,AE
3020041,3,20,41,AE,AE,AE,AE,AE,AE,AE,AE,AE,AE,AE,AE,AE,AE,AE,AE
3020045,3,20,45,AE,AE,AE,AE,AE,AE,AE,AE,AE,AE,AE,AE,AE,AE,AE,AE
3020047,3,20,47,AE,AE,AE,AE,AE,AE,AE,AE,AE,AE,AE,AE,AE,AE,AE,AE
3020049,3,20,49,AE,AE,AE,AE,AE,AE,AE,AE,AE,AE,AE,AE,AE,AE,AE,AE
3020051,3,20,51,AE,AE,AE,AE,AE,AE,AE,AE,AE,AE,AE,AE,AE,AE,AE,AE
3020091,3,20,91,AE,AE,AE,AE,AE,AE,AE,AE,AE,AE,AE,AE,AE,AE,AE,AE
3020121,3,20,121,AE,AE,AE,AE,AE,AE,AE,AE,AE,AE,AE,AE,AE,AE,AE,AE
3020137,3,20,137,AE,AE,AE,AE,AE,AE,AE,AE,AE,AE,AE,AE,AE,AE,AE,AE
3020149,3,20,149,AE,AE,AE,AE,AE,AE,AE,AE,AE,AE,AE,AE,AE,AE,AE,AE
3022001,3,22,1,AE,AE,AE,AE,AE,AE,AE,AE,AE,AE,AE,AE,AE,AE,AE,AE
3022003,3,22,3,AE,AE,AE,AE,AE,AE,AE,AE,AE,AE,AE,AE,AE,AE,AE,AE
3024071,3,24,71,AE,AE,AE,AE,AE,AE,AE,AE,AE,AE,AE,AE,AE,AE,AE,AE
3024085,3,24,85,AE,AE,AE,AE,AE,AE,AE,AE,AE,AE,AE,AE,AE,AE,AE,AE
3024153,3,24,153,AE,AE,AE,AE,AE,AE,AE,AE,AE,AE,AE,AE,AE,AE,AE,AE
3026047,3,26,47,AE,AE,AE,AE,AE,AE,AE,AE,AE,AE,AE,AE,AE,AE,AE,AE
3026057,3,26,57,AE,AE,AE,AE,AE,AE,AE,AE,AE,AE,AE,AE,AE,AE,AE,AE
3026101,3,26,101,AE,AE,AE,AE,AE,AE,AE,AE,AE,AE,AE,AE,AE,AE,AE,AE
3028039,3,28,39,AE,AE,AE,AE,AE,AE,AE,AE,AE,AE,AE,AE,AE,AE,AE,AE
3028055,3,28,55,AE,AE,AE,AE,AE,AE,AE,AE,AE,AE,AE,AE,AE,AE,AE,AE
3028079,3,28,79,AE,AE,AE,AE,AE,AE,AE,AE,AE,AE,AE,AE,AE,AE,AE,AE
3028091,3,28,91,AE,AE,AE,AE,AE,AE,AE,AE,AE,AE,AE,AE,AE,AE,AE,AE
3028095,3,28,95,AE,AE,AE,AE,AE,AE,AE,AE,AE,AE,AE,AE,AE,AE,AE,AE
3028129,3,28,129,AE,AE,AE,AE,AE,AE,AE,AE,AE,AE,AE,AE,AE,AE,AE,AE
3028139,3,28,139,AE,AE,AE,AE,AE,AE,AE,AE,AE,AE,AE,AE,AE,AE,AE,AE
3028145,3,28,145,AE,AE,AE,AE,AE,AE,AE,AE,AE,AE,AE,AE,AE,AE,AE,AE
3028147,3,28,147,AE,AE,AE,AE,AE,AE,AE,AE,AE,AE,AE,AE,AE,AE,AE,AE
3028153,3,28,153,AE,AE,AE,AE,AE,AE,AE,AE,AE,AE,AE,AE,AE,AE,AE,AE
3028171,3,28,171,AE,AE,AE,AE,AE,AE,AE,AE,AE,AE,AE,AE,AE,AE,AE,AE
3028187,3,28,187,AE,AE,AE,AE,AE,AE,AE,AE,AE,AE,AE,AE,AE,AE,AE,AE
3030005,3,30,5,AE,AE,AE,AE,AE,AE,AE,AE,AE,AE,AE,AE,AE,AE,AE,AE
3030011,3,30,11,AE,AE,AE,AE,AE,AE,AE,AE,AE,AE,AE,AE,AE,AE,AE,AE
3030043,3,30,43,AE,AE,AE,AE,AE,AE,AE,AE,AE,AE,AE,AE,AE,AE,AE,AE
3032011,3,32,11,AE,AE,AE,AE,AE,AE,AE,AE,AE,AE,AE,AE,AE,AE,AE,AE
3032045,3,32,45,AE,AE,AE,AE,AE,AE,AE,AE,AE,AE,AE,AE,AE,AE,AE,AE
3036033,3,36,33,AE,AE,AE,AE,AE,AE,AE,AE,AE,AE,AE,AE,AE,AE,AE,AE
3036045,3,36,45,AE,AE,AE,AE,AE,AE,AE,AE,AE,AE,AE,AE,AE,AE,AE,AE
3036057,3,36,57,AE,AE,AE,AE,AE,AE,AE,AE,AE,AE,AE,AE,AE,AE,AE,AE
3036059,3,36,59,AE,AE,AE,AE,AE,AE,AE,AE,AE,AE,AE,AE,AE,AE,AE,AE
3038021,3,38,21,AE,AE,AE,AE,AE,AE,AE,AE,AE,AE,AE,AE,AE,AE,AE,AE
3040007,3,40,7,AE,AE,AE,AE,AE,AE,AE,AE,AE,AE,AE,AE,AE,AE,AE,AE
3040035,3,40,35,AE,AE,AE,AE,AE,AE,AE,AE,AE,AE,AE,AE,AE,AE,AE,AE
3042053,3,42,53,AE,AE,AE,AE,AE,AE,AE,AE,AE,AE,AE,AE,AE,AE,AE,AE
3044001,3,44,1,AE,AE,AE,AE,AE,AE,AE,AE,AE,AE,AE,AE,AE,AE,AE,AE
3044003,3,44,3,AE,AE,AE,AE,AE,AE,AE,AE,AE,AE,AE,AE,AE,AE,AE,AE
3044005,3,44,5,AE,AE,AE,AE,AE,AE,AE,AE,AE,AE,AE,AE,AE,AE,AE,AE
3044007,3,44,7,AE,AE,AE,AE,AE,AE,AE,AE,AE,AE,AE,AE,AE,AE,AE,AE
3044009,3,44,9,AE,AE,AE,AE,AE,AE,AE,AE,AE,AE,AE,AE,AE,AE,AE,AE
3044011,3,44,11,AE,AE,AE,AE,AE,AE,AE,AE,AE,AE,AE,AE,AE,AE,AE,AE
3044013,3,44,13,AE,AE,AE,AE,AE,AE,AE,AE,AE,AE,AE,AE,AE,AE,AE,AE
3044015,3,44,15,AE,AE,AE,AE,AE,AE,AE,AE,AE,AE,AE,AE,AE,AE,AE,AE
3044017,3,44,17,AE,AE,AE,AE,AE,AE,AE,AE,AE,AE,AE,AE,AE,AE,AE,AE
3044019,3,44,19,AE,AE,AE,AE,AE,AE,AE,AE,AE,AE,AE,AE,AE,AE,AE,AE
3044021,3,44,21,AE,AE,AE,AE,AE,AE,AE,AE,AE,AE,AE,AE,AE,AE,AE,AE
3044023,3,44,23,AE,AE,AE,AE,AE,AE,AE,AE,AE,AE,AE,AE,AE,AE,AE,AE
3044025,3,44,25,AE,AE,AE,AE,AE,AE,AE,AE,AE,AE,AE,AE,AE,AE,AE,AE
3044027,3,44,27,AE,AE,AE,AE,AE,AE,AE,AE,AE,AE,AE,AE,AE,AE,AE,AE
3044029,3,44,29,AE,AE,AE,AE,AE,AE,AE,AE,AE,AE,AE,AE,AE,AE,AE,AE
3044031,3,44,31,AE,AE,AE,AE,AE,AE,AE,AE,AE,AE,AE,AE,AE,AE,AE,AE
3044033,3,44,33,AE,AE,AE,AE,AE,AE,AE,AE,AE,AE,AE,AE,AE,AE,AE,AE
3044035,3,44,35,AE,AE,AE,AE,AE,AE,AE,AE,AE,AE,AE,AE,AE,AE,AE,AE
3044037,3,44,37,AE,AE,AE,AE,AE,AE,AE,AE,AE,AE,AE,AE,AE,AE,AE,AE
3044039,3,44,39,AE,AE,AE,AE,AE,AE,AE,AE,AE,AE,AE,AE,AE,AE,AE,AE
3044041,3,44,41,AE,AE,AE,AE,AE,AE,AE,AE,AE,AE,AE,AE,AE,AE,AE,AE
3044043,3,44,43,AE,AE,AE,AE,AE,AE,AE,AE,AE,AE,AE,AE,AE,AE,AE,AE
3044045,3,44,45,AE,AE,AE,AE,AE,AE,AE,AE,AE,AE,AE,AE,AE,AE,AE,AE
3044047,3,44,47,AE,AE,AE,AE,AE,AE,AE,AE,AE,AE,AE,AE,AE,AE,AE,AE
3044049,3,44,49,AE,AE,AE,AE,AE,AE,AE,AE,AE,AE,AE,AE,AE,AE,AE,AE
3044051,3,44,51,AE,AE,AE,AE,AE,AE,AE,AE,AE,AE,AE,AE,AE,AE,AE,AE
3044053,3,44,53,AE,AE,AE,AE,AE,AE,AE,AE,AE,AE,AE,AE,AE,AE,AE,AE
3044055,3,44,55,AE,AE,AE,AE,AE,AE,AE,AE,AE,AE,AE,AE,AE,AE,AE,AE
3044057,3,44,57,AE,AE,AE,AE,AE,AE,AE,AE,AE,AE,AE,AE,AE,AE,AE,AE
3044059,3,44,59,AE,AE,AE,AE,AE,AE,AE,AE,AE,AE,AE,AE,AE,AE,AE,AE
3044061,3,44,61,AE,AE,AE,AE,AE,AE,AE,AE,AE,AE,AE,AE,AE,AE,AE,AE
3044063,3,44,63,AE,AE,AE,AE,AE,AE,AE,AE,AE,AE,AE,AE,AE,AE,AE,AE
3044065,3,44,65,AE,AE,AE,AE,AE,AE,AE,AE,AE,AE,AE,AE,AE,AE,AE,AE
3044067,3,44,67,AE,AE,AE,AE,AE,AE,AE,AE,AE,AE,AE,AE,AE,AE,AE,AE
3044069,3,44,69,AE,AE,AE,AE,AE,AE,AE,AE,AE,AE,AE,AE,AE,AE,AE,AE
3044071,3,44,71,AE,AE,AE,AE,AE,AE,AE,AE,AE,AE,AE,AE,AE,AE,AE,AE
3044073,3,44,73,AE,AE,AE,AE,AE,AE,AE,AE,AE,AE,AE,AE,AE,AE,AE,AE
3044075,3,44,75,AE,AE,AE,AE,AE,AE,AE,AE,AE,AE,AE,AE,AE,AE,AE,AE
3044077,3,44,77,AE,AE,AE,AE,AE,AE,AE,AE,AE,AE,AE,AE,AE,AE,AE,AE
3044079,3,44,79,AE,AE,AE,AE,AE,AE,AE,AE,AE,AE,AE,AE,AE,AE,AE,AE
3044081,3,44,81,AE,AE,AE,AE,AE,AE,AE,AE,AE,AE,AE,AE,AE,AE,AE,AE
3044083,3,44,83,AE,AE,AE,AE,AE,AE,AE,AE,AE,AE,AE,AE,AE,AE,AE,AE
3044085,3,44,85,AE,AE,AE,AE,AE,AE,AE,AE,AE,AE,AE,AE,AE,AE,AE,AE
3044087,3,44,87,AE,AE,AE,AE,AE,AE,AE,AE,AE,AE,AE,AE,AE,AE,AE,AE
3044089,3,44,89,AE,AE,AE,AE,AE,AE,AE,AE,AE,AE,AE,AE,AE,AE,AE,AE
3044091,3,44,91,AE,AE,AE,AE,AE,AE,AE,AE,AE,AE,AE,AE,AE,AE,AE,AE
3044093,3,44,93,AE,AE,AE,AE,AE,AE,AE,AE,AE,AE,AE,AE,AE,AE,AE,AE
3044095,3,44,95,AE,AE,AE,AE,AE,AE,AE,AE,AE,AE,AE,AE,AE,AE,AE,AE
3044097,3,44,97,AE,AE,AE,AE,AE,AE,AE,AE,AE,AE,AE,AE,AE,AE,AE,AE
3044099,3,44,99,AE,AE,AE,AE,AE,AE,AE,AE,AE,AE,AE,AE,AE,AE,AE,AE
3044101,3,44,101,AE,AE,AE,AE,AE,AE,AE,AE,AE,AE,AE,AE,AE,AE,AE,AE
3044103,3,44,103,AE,AE,AE,AE,AE,AE,AE,AE,AE,AE,AE,AE,AE,AE,AE,AE
3044105,3,44,105,AE,AE,AE,AE,AE,AE,AE,AE,AE,AE,AE,AE,AE,AE,AE,AE
3044107,3,44,107,AE,AE,AE,AE,AE,AE,AE,AE,AE,AE,AE,AE,AE,AE,AE,AE
3044109,3,44,109,AE,AE,AE,AE,AE,AE,AE,AE,AE,AE,AE,AE,AE,AE,AE,AE
3044111,3,44,111,AE,AE,AE,AE,AE,AE,AE,AE,AE,AE,AE,AE,AE,AE,AE,AE
3044113,3,44,113,AE,AE,AE,AE,AE,AE,AE,AE,AE,AE,AE,AE,AE,AE,AE,AE
3044115,3,44,115,AE,AE,AE,AE,AE,AE,AE,AE,AE,AE,AE,AE,AE,AE,AE,AE
3044117,3,44,117,AE,AE,AE,AE,AE,AE,AE,AE,AE,AE,AE,AE,AE,AE,AE,AE
3044119,3,44,119,AE,AE,AE,AE,AE,AE,AE,AE,AE,AE,AE,AE,AE,AE,AE,AE
3044121,3,44,121,AE,AE,AE,AE,AE,AE,AE,AE,AE,AE,AE,AE,AE,AE,AE,AE
3044123,3,44,123,AE,AE,AE,AE,AE,AE,AE,AE,AE,AE,AE,AE,AE,AE,AE,AE
3044125,3,44,125,AE,AE,AE,AE,AE,AE,AE,AE,AE,AE,AE,AE,AE,AE,AE,AE
3044127,3,44,127,AE,AE,AE,AE,AE,AE,AE,AE,AE,AE,AE,AE,AE,AE,AE,AE
3044129,3,44,129,AE,AE,AE,AE,AE,AE,AE,AE,AE,AE,AE,AE,AE,AE,AE,AE
3044131,3,44,131,AE,AE,AE,AE,AE,AE,AE,AE,AE,AE,AE,AE,AE,AE,AE,AE
3044133,3,44,133,AE,AE,AE,AE,AE,AE,AE,AE,AE,AE,AE,AE,AE,AE,AE,AE
3044135,3,44,135,AE,AE,AE,AE,AE,AE,AE,AE,AE,AE,AE,AE,AE,AE,AE,AE
3044137,3,44,137,AE,AE,AE,AE,AE,AE,AE,AE,AE,AE,AE,AE,AE,AE,AE,AE
3044139,3,44,139,AE,AE,AE,AE,AE,AE,AE,AE,AE,AE,AE,AE,AE,AE,AE,AE
3044141,3,44,141,AE,AE,AE,AE,AE,AE,AE,AE,AE,AE,AE,AE,AE,AE,AE,AE
3044143,3,44,143,AE,AE,AE,AE,AE,AE,AE,AE,AE,AE,AE,AE,AE,AE,AE,AE
3044145,3,44,145,AE,AE,AE,AE,AE,AE,AE,AE,AE,AE,AE,AE,AE,AE,AE,AE
3044147,3,44,147,AE,AE,AE,AE,AE,AE,AE,AE,AE,AE,AE,AE,AE,AE,AE,AE
3044149,3,44,149,AE,AE,AE,AE,AE,AE,AE,AE,AE,AE,AE,AE,AE,AE,AE,AE
3044151,3,44,151,AE,AE,AE,AE,AE,AE,AE,AE,AE,AE,AE,AE,AE,AE,AE,AE
3044153,3,44,153,AE,AE,AE,AE,AE,AE,AE,AE,AE,AE,AE,AE,AE,AE,AE,AE
3044155,3,44,155,AE,AE,AE,AE,AE,AE,AE,AE,AE,AE,AE,AE,AE,AE,AE,AE
3044157,3,44,157,AE,AE,AE,AE,AE,AE,AE,AE,AE,AE,AE,AE,AE,AE,AE,AE
3044159,3,44,159,AE,AE,AE,AE,AE,AE,AE,AE,AE,AE,AE,AE,AE,AE,AE,AE
3050051,3,50,51,AE,AE,AE,AE,AE,AE,AE,AE,AE,AE,AE,AE,AE,AE,AE,AE
3056015,3,56,15,AE,AE,AE,AE,AE,AE,AE,AE,AE,AE,AE,AE,AE,AE,AE,AE
3056031,3,56,31,AE,AE,AE,AE,AE,AE,AE,AE,AE,AE,AE,AE,AE,AE,AE,AE
3058017,3,58,17,AE,AE,AE,AE,AE,AE,AE,AE,AE,AE,AE,AE,AE,AE,AE,AE
3060031,3,60,31,AE,AE,AE,AE,AE,AE,AE,AE,AE,AE,AE,AE,AE,AE,AE,AE
3060039,3,60,39,AE,AE,AE,AE,AE,AE,AE,AE,AE,AE,AE,AE,AE,AE,AE,AE
3062007,3,62,7,AE,AE,AE,AE,AE,AE,AE,AE,AE,AE,AE,AE,AE,AE,AE,AE
3064011,3,64,11,AE,AE,AE,AE,AE,AE,AE,AE,AE,AE,AE,AE,AE,AE,AE,AE
3066021,3,66,21,AE,AE,AE,AE,AE,AE,AE,AE,AE,AE,AE,AE,AE,AE,AE,AE
3066029,3,66,29,AE,AE,AE,AE,AE,AE,AE,AE,AE,AE,AE,AE,AE,AE,AE,AE
3068009,3,68,9,AE,AE,AE,AE,AE,AE,AE,AE,AE,AE,AE,AE,AE,AE,AE,AE
3070003,3,70,3,AE,AE,AE,AE,AE,AE,AE,AE,AE,AE,AE,AE,AE,AE,AE,AE
3070005,3,70,5,AE,AE,AE,AE,AE,AE,AE,AE,AE,AE,AE,AE,AE,AE,AE,AE
3070009,3,70,9,AE,AE,AE,AE,AE,AE,AE,AE,AE,AE,AE,AE,AE,AE,AE,AE
3070013,3,70,13,AE,AE,AE,AE,AE,AE,AE,AE,AE,AE,AE,AE,AE,AE,AE,AE
3070053,3,70,53,AE,AE,AE,AE,AE,AE,AE,AE,AE,AE,AE,AE,AE,AE,AE,AE
3072027,3,72,27,AE,AE,AE,AE,AE,AE,AE,AE,AE,AE,AE,AE,AE,AE,AE,AE
3072049,3,72,49,AE,AE,AE,AE,AE,AE,AE,AE,AE,AE,AE,AE,AE,AE,AE,AE
3072067,3,72,67,AE,AE,AE,AE,AE,AE,AE,AE,AE,AE,AE,AE,AE,AE,AE,AE
3072071,3,72,71,AE,AE,AE,AE,AE,AE,AE,AE,AE,AE,AE,AE,AE,AE,AE,AE
3072079,3,72,79,AE,AE,AE,AE,AE,AE,AE,AE,AE,AE,AE,AE,AE,AE,AE,AE
3072095,3,72,95,AE,AE,AE,AE,AE,AE,AE,AE,AE,AE,AE,AE,AE,AE,AE,AE
3072117,3,72,117,AE,AE,AE,AE,AE,AE,AE,AE,AE,AE,AE,AE,AE,AE,AE,AE
3074043,3,74,43,AE,AE,AE,AE,AE,AE,AE,AE,AE,AE,AE,AE,AE,AE,AE,AE
3074049,3,74,49,AE,AE,AE,AE,AE,AE,AE,AE,AE,AE,AE,AE,AE,AE,AE,AE
3074056,3,74,56,AE,AE,AE,AE,AE,AE,AE,AE,AE,AE,AE,AE,AE,AE,AE,AE
3074063,3,74,63,AE,AE,AE,AE,AE,AE,AE,AE,AE,AE,AE,AE,AE,AE,AE,AE
3074073,3,74,73,AE,AE,AE,AE,AE,AE,AE,AE,AE,AE,AE,AE,AE,AE,AE,AE
3074079,3,74,79,AE,AE,AE,AE,AE,AE,AE,AE,AE,AE,AE,AE,AE,AE,AE,AE
3074095,3,74,95,AE,AE,AE,AE,AE,AE,AE,AE,AE,AE,AE,AE,AE,AE,AE,AE
3074113,3,74,113,AE,AE,AE,AE,AE,AE,AE,AE,AE,AE,AE,AE,AE,AE,AE,AE
3074121,3,74,121,AE,AE,AE,AE,AE,AE,AE,AE,AE,AE,AE,AE,AE,AE,AE,AE
3074127,3,74,127,AE,AE,AE,AE,AE,AE,AE,AE,AE,AE,AE,AE,AE,AE,AE,AE
3074135,3,74,135,AE,AE,AE,AE,AE,AE,AE,AE,AE,AE,AE,AE,AE,AE,AE,AE
3074139,3,74,139,AE,AE,AE,AE,AE,AE,AE,AE,AE,AE,AE,AE,AE,AE,AE,AE
3076043,3,76,43,AE,AE,AE,AE,AE,AE,AE,AE,AE,AE,AE,AE,AE,AE,AE,AE
3076059,3,76,59,AE,AE,AE,AE,AE,AE,AE,AE,AE,AE,AE,AE,AE,AE,AE,AE
3076085,3,76,85,AE,AE,AE,AE,AE,AE,AE,AE,AE,AE,AE,AE,AE,AE,AE,AE
3078017,3,78,17,AE,AE,AE,AE,AE,AE,AE,AE,AE,AE,AE,AE,AE,AE,AE,AE
3078019,3,78,19,AE,AE,AE,AE,AE,AE,AE,AE,AE,AE,AE,AE,AE,AE,AE,AE
3078033,3,78,33,AE,AE,AE,AE,AE,AE,AE,AE,AE,AE,AE,AE,AE,AE,AE,AE
3078035,3,78,35,AE,AE,AE,AE,AE,AE,AE,AE,AE,AE,AE,AE,AE,AE,AE,AE
3078037,3,78,37,AE,AE,AE,AE,AE,AE,AE,AE,AE,AE,AE,AE,AE,AE,AE,AE
3078043,3,78,43,AE,AE,AE,AE,AE,AE,AE,AE,AE,AE,AE,AE,AE,AE,AE,AE
3078051,3,78,51,AE,AE,AE,AE,AE,AE,AE,AE,AE,AE,AE,AE,AE,AE,AE,AE
3078053,3,78,53,AE,AE,AE,AE,AE,AE,AE,AE,AE,AE,AE,AE,AE,AE,AE,AE
3078055,3,78,55,AE,AE,AE,AE,AE,AE,AE,AE,AE,AE,AE,AE,AE,AE,AE,AE
3078057,3,78,57,AE,AE,AE,AE,AE,AE,AE,AE,AE,AE,AE,AE,AE,AE,AE,AE
3078059,3,78,59,AE,AE,AE,AE,AE,AE,AE,AE,AE,AE,AE,AE,AE,AE,AE,AE
3078061,3,78,61,AE,AE,AE,AE,AE,AE,AE,AE,AE,AE,AE,AE,AE,AE,AE,AE
3078063,3,78,63,AE,AE,AE,AE,AE,AE,AE,AE,AE,AE,AE,AE,AE,AE,AE,AE
3078083,3,78,83,AE,AE,AE,AE,AE,AE,AE,AE,AE,AE,AE,AE,AE,AE,AE,AE
3078085,3,78,85,AE,AE,AE,AE,AE,AE,AE,AE,AE,AE,AE,AE,AE,AE,AE,AE
3078087,3,78,87,AE,AE,AE,AE,AE,AE,AE,AE,AE,AE,AE,AE,AE,AE,AE,AE
3078111,3,78,111,AE,AE,AE,AE,AE,AE,AE,AE,AE,AE,AE,AE,AE,AE,AE,AE
3078113,3,78,113,AE,AE,AE,AE,AE,AE,AE,AE,AE,AE,AE,AE,AE,AE,AE,AE
3078115,3,78,115,AE,AE,AE,AE,AE,AE,AE,AE,AE,AE,AE,AE,AE,AE,AE,AE
3078117,3,78,117,AE,AE,AE,AE,AE,AE,AE,AE,AE,AE,AE,AE,AE,AE,AE,AE
3078119,3,78,119,AE,AE,AE,AE,AE,AE,AE,AE,AE,AE,AE,AE,AE,AE,AE,AE
3080023,3,80,23,AE,AE,AE,AE,AE,AE,AE,AE,AE,AE,AE,AE,AE,AE,AE,AE
3080027,3,80,27,AE,AE,AE,AE,AE,AE,AE,AE,AE,AE,AE,AE,AE,AE,AE,AE
3080037,3,80,37,AE,AE,AE,AE,AE,AE,AE,AE,AE,AE,AE,AE,AE,AE,AE,AE
3080049,3,80,49,AE,AE,AE,AE,AE,AE,AE,AE,AE,AE,AE,AE,AE,AE,AE,AE
3080067,3,80,67,AE,AE,AE,AE,AE,AE,AE,AE,AE,AE,AE,AE,AE,AE,AE,AE
3080111,3,80,111,AE,AE,AE,AE,AE,AE,AE,AE,AE,AE,AE,AE,AE,AE,AE,AE
3080157,3,80,157,AE,AE,AE,AE,AE,AE,AE,AE,AE,AE,AE,AE,AE,AE,AE,AE
3080163,3,80,163,AE,AE,AE,AE,AE,AE,AE,AE,AE,AE,AE,AE,AE,AE,AE,AE
3080173,3,80,173,AE,AE,AE,AE,AE,AE,AE,AE,AE,AE,AE,AE,AE,AE,AE,AE
3082011,3,82,11,AE,AE,AE,AE,AE,AE,AE,AE,AE,AE,AE,AE,AE,AE,AE,AE
3086029,3,86,29,AE,AE,AE,AE,AE,AE,AE,AE,AE,AE,AE,AE,AE,AE,AE,AE
3086041,3,86,41,AE,AE,AE,AE,AE,AE,AE,AE,AE,AE,AE,AE,AE,AE,AE,AE
3088001,3,88,1,AE,AE,AE,AE,AE,AE,AE,AE,AE,AE,AE,AE,AE,AE,AE,AE
3088007,3,88,7,AE,AE,AE,AE,AE,AE,AE,AE,AE,AE,AE,AE,AE,AE,AE,AE
3090027,3,90,27,AE,AE,AE,AE,AE,AE,AE,AE,AE,AE,AE,AE,AE,AE,AE,AE
3090041,3,90,41,AE,AE,AE,AE,AE,AE,AE,AE,AE,AE,AE,AE,AE,AE,AE,AE
3094009,3,94,9,AE,AE,AE,AE,AE,AE,AE,AE,AE,AE,AE,AE,AE,AE,AE,AE
3094013,3,94,13,AE,AE,AE,AE,AE,AE,AE,AE,AE,AE,AE,AE,AE,AE,AE,AE
3094027,3,94,27,AE,AE,AE,AE,AE,AE,AE,AE,AE,AE,AE,AE,AE,AE,AE,AE
3094057,3,94,57,AE,AE,AE,AE,AE,AE,AE,AE,AE,AE,AE,AE,AE,AE,AE,AE
3096003,3,96,3,AE,AE,AE,AE,AE,AE,AE,AE,AE,AE,AE,AE,AE,AE,AE,AE
3096011,3,96,11,AE,AE,AE,AE,AE,AE,AE,AE,AE,AE,AE,AE,AE,AE,AE,AE
3096029,3,96,29,AE,AE,AE,AE,AE,AE,AE,AE,AE,AE,AE,AE,AE,AE,AE,AE
3096035,3,96,35,AE,AE,AE,AE,AE,AE,AE,AE,AE,AE,AE,AE,AE,AE,AE,AE
3096039,3,96,39,AE,AE,AE,AE,AE,AE,AE,AE,AE,AE,AE,AE,AE,AE,AE,AE
3096049,3,96,49,AE,AE,AE,AE,AE,AE,AE,AE,AE,AE,AE,AE,AE,AE,AE,AE
3096057,3,96,57,AE,AE,AE,AE,AE,AE,AE,AE,AE,AE,AE,AE,AE,AE,AE,AE
3096101,3,96,101,AE,AE,AE,AE,AE,AE,AE,AE,AE,AE,AE,AE,AE,AE,AE,AE
3096111,3,96,111,AE,AE,AE,AE,AE,AE,AE,AE,AE,AE,AE,AE,AE,AE,AE,AE
3098017,3,98,17,AE,AE,AE,AE,AE,AE,AE,AE,AE,AE,AE,AE,AE,AE,AE,AE
3098021,3,98,21,AE,AE,AE,AE,AE,AE,AE,AE,AE,AE,AE,AE,AE,AE,AE,AE
3098027,3,98,27,AE,AE,AE,AE,AE,AE,AE,AE,AE,AE,AE,AE,AE,AE,AE,AE
3098039,3,98,39,AE,AE,AE,AE,AE,AE,AE,AE,AE,AE,AE,AE,AE,AE,AE,AE
3098061,3,98,61,AE,AE,AE,AE,AE,AE,AE,AE,AE,AE,AE,AE,AE,AE,AE,AE
3098067,3,98,67,AE,AE,AE,AE,AE,AE,AE,AE,AE,AE,AE,AE,AE,AE,AE,AE
3098077,3,98,77,AE,AE,AE,AE,AE,AE,AE,AE,AE,AE,AE,AE,AE,AE,AE,AE
3098089,3,98,89,AE,AE,AE,AE,AE,AE,AE,AE,AE,AE,AE,AE,AE,AE,AE,AE
3100003,3,100,3,AE,AE,AE,AE,AE,AE,AE,AE,AE,AE,AE,AE,AE,AE,AE,AE
3100005,3,100,5,AE,AE,AE,AE,AE,AE,AE,AE,AE,AE,AE,AE,AE,AE,AE,AE
3100017,3,100,17,AE,AE,AE,AE,AE,AE,AE,AE,AE,AE,AE,AE,AE,AE,AE,AE
3100019,3,100,19,AE,AE,AE,AE,AE,AE,AE,AE,AE,AE,AE,AE,AE,AE,AE,AE
3100021,3,100,21,AE,AE,AE,AE,AE,AE,AE,AE,AE,AE,AE,AE,AE,AE,AE,AE
3100023,3,100,23,AE,AE,AE,AE,AE,AE,AE,AE,AE,AE,AE,AE,AE,AE,AE,AE
3102017,3,102,17,AE,AE,AE,AE,AE,AE,AE,AE,AE,AE,AE,AE,AE,AE,AE,AE
3102029,3,102,29,AE,AE,AE,AE,AE,AE,AE,AE,AE,AE,AE,AE,AE,AE,AE,AE
3104001,3,104,1,AE,AE,AE,AE,AE,AE,AE,AE,AE,AE,AE,AE,AE,AE,AE,AE
3104003,3,104,3,AE,AE,AE,AE,AE,AE,AE,AE,AE,AE,AE,AE,AE,AE,AE,AE
3104005,3,104,5,AE,AE,AE,AE,AE,AE,AE,AE,AE,AE,AE,AE,AE,AE,AE,AE
3104007,3,104,7,AE,AE,AE,AE,AE,AE,AE,AE,AE,AE,AE,AE,AE,AE,AE,AE
3104009,3,104,9,AE,AE,AE,AE,AE,AE,AE,AE,AE,AE,AE,AE,AE,AE,AE,AE
3104011,3,104,11,AE,AE,AE,AE,AE,AE,AE,AE,AE,AE,AE,AE,AE,AE,AE,AE
3104013,3,104,13,AE,AE,AE,AE,AE,AE,AE,AE,AE,AE,AE,AE,AE,AE,AE,AE
3104015,3,104,15,AE,AE,AE,AE,AE,AE,AE,AE,AE,AE,AE,AE,AE,AE,AE,AE
3104017,3,104,17,AE,AE,AE,AE,AE,AE,AE,AE,AE,AE,AE,AE,AE,AE,AE,AE
3104019,3,104,19,AE,AE,AE,AE,AE,AE,AE,AE,AE,AE,AE,AE,AE,AE,AE,AE
3104021,3,104,21,AE,AE,AE,AE,AE,AE,AE,AE,AE,AE,AE,AE,AE,AE,AE,AE
3104023,3,104,23,AE,AE,AE,AE,AE,AE,AE,AE,AE,AE,AE,AE,AE,AE,AE,AE
3104025,3,104,25,AE,AE,AE,AE,AE,AE,AE,AE,AE,AE,AE,AE,AE,AE,AE,AE
3108001,3,108,1,AE,AE,AE,AE,AE,AE,AE,AE,AE,AE,AE,AE,AE,AE,AE,AE
3110011,3,110,11,AE,AE,AE,AE,AE,AE,AE,AE,AE,AE,AE,AE,AE,AE,AE,AE
3110019,3,110,19,AE,AE,AE,AE,AE,AE,AE,AE,AE,AE,AE,AE,AE,AE,AE,AE
3110033,3,110,33,AE,AE,AE,AE,AE,AE,AE,AE,AE,AE,AE,AE,AE,AE,AE,AE
3110053,3,110,53,AE,AE,AE,AE,AE,AE,AE,AE,AE,AE,AE,AE,AE,AE,AE,AE
3112019,3,112,19,AE,AE,AE,AE,AE,AE,AE,AE,AE,AE,AE,AE,AE,AE,AE,AE
3112037,3,112,37,AE,AE,AE,AE,AE,AE,AE,AE,AE,AE,AE,AE,AE,AE,AE,AE
3112043,3,112,43,AE,AE,AE,AE,AE,AE,AE,AE,AE,AE,AE,AE,AE,AE,AE,AE
3112059,3,112,59,AE,AE,AE,AE,AE,AE,AE,AE,AE,AE,AE,AE,AE,AE,AE,AE
3112067,3,112,67,AE,AE,AE,AE,AE,AE,AE,AE,AE,AE,AE,AE,AE,AE,AE,AE
3112091,3,112,91,AE,AE,AE,AE,AE,AE,AE,AE,AE,AE,AE,AE,AE,AE,AE,AE
3114037,3,114,37,AE,AE,AE,AE,AE,AE,AE,AE,AE,AE,AE,AE,AE,AE,AE,AE
3114063,3,114,63,AE,AE,AE,AE,AE,AE,AE,AE,AE,AE,AE,AE,AE,AE,AE,AE
3114065,3,114,65,AE,AE,AE,AE,AE,AE,AE,AE,AE,AE,AE,AE,AE,AE,AE,AE
3114091,3,114,91,AE,AE,AE,AE,AE,AE,AE,AE,AE,AE,AE,AE,AE,AE,AE,AE
3114093,3,114,93,AE,AE,AE,AE,AE,AE,AE,AE,AE,AE,AE,AE,AE,AE,AE,AE
3114117,3,114,117,AE,AE,AE,AE,AE,AE,AE,AE,AE,AE,AE,AE,AE,AE,AE,AE
3114119,3,114,119,AE,AE,AE,AE,AE,AE,AE,AE,AE,AE,AE,AE,AE,AE,AE,AE
3114131,3,114,131,AE,AE,AE,AE,AE,AE,AE,AE,AE,AE,AE,AE,AE,AE,AE,AE
3116023,3,116,23,AE,AE,AE,AE,AE,AE,AE,AE,AE,AE,AE,AE,AE,AE,AE,AE
3116077,3,116,77,AE,AE,AE,AE,AE,AE,AE,AE,AE,AE,AE,AE,AE,AE,AE,AE
3118015,3,118,15,AE,AE,AE,AE,AE,AE,AE,AE,AE,AE,AE,AE,AE,AE,AE,AE
3118019,3,118,19,AE,AE,AE,AE,AE,AE,AE,AE,AE,AE,AE,AE,AE,AE,AE,AE
3118025,3,118,25,AE,AE,AE,AE,AE,AE,AE,AE,AE,AE,AE,AE,AE,AE,AE,AE
3118035,3,118,35,AE,AE,AE,AE,AE,AE,AE,AE,AE,AE,AE,AE,AE,AE,AE,AE
3118053,3,118,53,AE,AE,AE,AE,AE,AE,AE,AE,AE,AE,AE,AE,AE,AE,AE,AE
3118061,3,118,61,AE,AE,AE,AE,AE,AE,AE,AE,AE,AE,AE,AE,AE,AE,AE,AE
3120019,3,120,19,AE,AE,AE,AE,AE,AE,AE,AE,AE,AE,AE,AE,AE,AE,AE,AE
3120031,3,120,31,AE,AE,AE,AE,AE,AE,AE,AE,AE,AE,AE,AE,AE,AE,AE,AE
3122015,3,122,15,AE,AE,AE,AE,AE,AE,AE,AE,AE,AE,AE,AE,AE,AE,AE,AE
3122029,3,122,29,AE,AE,AE,AE,AE,AE,AE,AE,AE,AE,AE,AE,AE,AE,AE,AE
3122035,3,122,35,AE,AE,AE,AE,AE,AE,AE,AE,AE,AE,AE,AE,AE,AE,AE,AE
3122037,3,122,37,AE,AE,AE,AE,AE,AE,AE,AE,AE,AE,AE,AE,AE,AE,AE,AE
3122049,3,122,49,AE,AE,AE,AE,AE,AE,AE,AE,AE,AE,AE,AE,AE,AE,AE,AE
3122051,3,122,51,AE,AE,AE,AE,AE,AE,AE,AE,AE,AE,AE,AE,AE,AE,AE,AE
3122053,3,122,53,AE,AE,AE,AE,AE,AE,AE,AE,AE,AE,AE,AE,AE,AE,AE,AE
3122057,3,122,57,AE,AE,AE,AE,AE,AE,AE,AE,AE,AE,AE,AE,AE,AE,AE,AE
3122059,3,122,59,AE,AE,AE,AE,AE,AE,AE,AE,AE,AE,AE,AE,AE,AE,AE,AE
3124005,3,124,5,AE,AE,AE,AE,AE,AE,AE,AE,AE,AE,AE,AE,AE,AE,AE,AE
3124011,3,124,11,AE,AE,AE,AE,AE,AE,AE,AE,AE,AE,AE,AE,AE,AE,AE,AE
3124013,3,124,13,AE,AE,AE,AE,AE,AE,AE,AE,AE,AE,AE,AE,AE,AE,AE,AE
3124015,3,124,15,AE,AE,AE,AE,AE,AE,AE,AE,AE,AE,AE,AE,AE,AE,AE,AE
3124017,3,124,17,AE,AE,AE,AE,AE,AE,AE,AE,AE,AE,AE,AE,AE,AE,AE,AE
3124021,3,124,21,AE,AE,AE,AE,AE,AE,AE,AE,AE,AE,AE,AE,AE,AE,AE,AE
3124023,3,124,23,AE,AE,AE,AE,AE,AE,AE,AE,AE,AE,AE,AE,AE,AE,AE,AE
3128001,3,128,1,AE,AE,AE,AE,AE,AE,AE,AE,AE,AE,AE,AE,AE,AE,AE,AE
3128003,3,128,3,AE,AE,AE,AE,AE,AE,AE,AE,AE,AE,AE,AE,AE,AE,AE,AE
3130005,3,130,5,AE,AE,AE,AE,AE,AE,AE,AE,AE,AE,AE,AE,AE,AE,AE,AE
3130025,3,130,25,AE,AE,AE,AE,AE,AE,AE,AE,AE,AE,AE,AE,AE,AE,AE,AE
3130029,3,130,29,AE,AE,AE,AE,AE,AE,AE,AE,AE,AE,AE,AE,AE,AE,AE,AE
3132057,3,132,57,AE,AE,AE,AE,AE,AE,AE,AE,AE,AE,AE,AE,AE,AE,AE,AE
3132061,3,132,61,AE,AE,AE,AE,AE,AE,AE,AE,AE,AE,AE,AE,AE,AE,AE,AE
3132085,3,132,85,AE,AE,AE,AE,AE,AE,AE,AE,AE,AE,AE,AE,AE,AE,AE,AE
3134075,3,134,75,AE,AE,AE,AE,AE,AE,AE,AE,AE,AE,AE,AE,AE,AE,AE,AE
3134077,3,134,77,AE,AE,AE,AE,AE,AE,AE,AE,AE,AE,AE,AE,AE,AE,AE,AE
3136033,3,136,33,AE,AE,AE,AE,AE,AE,AE,AE,AE,AE,AE,AE,AE,AE,AE,AE
3136041,3,136,41,AE,AE,AE,AE,AE,AE,AE,AE,AE,AE,AE,AE,AE,AE,AE,AE
3136087,3,136,87,AE,AE,AE,AE,AE,AE,AE,AE,AE,AE,AE,AE,AE,AE,AE,AE
3136101,3,136,101,AE,AE,AE,AE,AE,AE,AE,AE,AE,AE,AE,AE,AE,AE,AE,AE
3142003,3,142,3,AE,AE,AE,AE,AE,AE,AE,AE,AE,AE,AE,AE,AE,AE,AE,AE
3142005,3,142,5,AE,AE,AE,AE,AE,AE,AE,AE,AE,AE,AE,AE,AE,AE,AE,AE
3142007,3,142,7,AE,AE,AE,AE,AE,AE,AE,AE,AE,AE,AE,AE,AE,AE,AE,AE
3144019,3,144,19,AE,AE,AE,AE,AE,AE,AE,AE,AE,AE,AE,AE,AE,AE,AE,AE
3144033,3,144,33,AE,AE,AE,AE,AE,AE,AE,AE,AE,AE,AE,AE,AE,AE,AE,AE
3144067,3,144,67,AE,AE,AE,AE,AE,AE,AE,AE,AE,AE,AE,AE,AE,AE,AE,AE
3144073,3,144,73,AE,AE,AE,AE,AE,AE,AE,AE,AE,AE,AE,AE,AE,AE,AE,AE
3144107,3,144,107,AE,AE,AE,AE,AE,AE,AE,AE,AE,AE,AE,AE,AE,AE,AE,AE
3144119,3,144,119,AE,AE,AE,AE,AE,AE,AE,AE,AE,AE,AE,AE,AE,AE,AE,AE
3144125,3,144,125,AE,AE,AE,AE,AE,AE,AE,AE,AE,AE,AE,AE,AE,AE,AE,AE
3146025,3,146,25,AE,AE,AE,AE,AE,AE,AE,AE,AE,AE,AE,AE,AE,AE,AE,AE
4002003,4,2,3,AE,AE,AE,AE,AE,AE,AE,AE,AE,AE,AE,AE,AE,AE,AE,AE
4002015,4,2,15,AE,AE,AE,AE,AE,AE,AE,AE,AE,AE,AE,AE,AE,AE,AE,AE
4002019,4,2,19,AE,AE,AE,AE,AE,AE,AE,AE,AE,AE,AE,AE,AE,AE,AE,AE
4002025,4,2,25,AE,AE,AE,AE,AE,AE,AE,AE,AE,AE,AE,AE,AE,AE,AE,AE
4002061,4,2,61,AE,AE,AE,AE,AE,AE,AE,AE,AE,AE,AE,AE,AE,AE,AE,AE
4002071,4,2,71,AE,AE,AE,AE,AE,AE,AE,AE,AE,AE,AE,AE,AE,AE,AE,AE
4002105,4,2,105,AE,AE,AE,AE,AE,AE,AE,AE,AE,AE,AE,AE,AE,AE,AE,AE
4002107,4,2,107,AE,AE,AE,AE,AE,AE,AE,AE,AE,AE,AE,AE,AE,AE,AE,AE
4004057,4,4,57,AE,AE,AE,AE,AE,AE,AE,AE,AE,AE,AE,AE,AE,AE,AE,AE
4006001,4,6,1,AE,AE,AE,AE,AE,AE,AE,AE,AE,AE,AE,AE,AE,AE,AE,AE
4008007,4,8,7,AE,AE,AE,AE,AE,AE,AE,AE,AE,AE,AE,AE,AE,AE,AE,AE
4008025,4,8,25,AE,AE,AE,AE,AE,AE,AE,AE,AE,AE,AE,AE,AE,AE,AE,AE
4010015,4,10,15,AE,AE,AE,AE,AE,AE,AE,AE,AE,AE,AE,AE,AE,AE,AE,AE
4010057,4,10,57,AE,AE,AE,AE,AE,AE,AE,AE,AE,AE,AE,AE,AE,AE,AE,AE
4010075,4,10,75,AE,AE,AE,AE,AE,AE,AE,AE,AE,AE,AE,AE,AE,AE,AE,AE
4010079,4,10,79,AE,AE,AE,AE,AE,AE,AE,AE,AE,AE,AE,AE,AE,AE,AE,AE
4010081,4,10,81,AE,AE,AE,AE,AE,AE,AE,AE,AE,AE,AE,AE,AE,AE,AE,AE
4010087,4,10,87,AE,AE,AE,AE,AE,AE,AE,AE,AE,AE,AE,AE,AE,AE,AE,AE
4010089,4,10,89,AE,AE,AE,AE,AE,AE,AE,AE,AE,AE,AE,AE,AE,AE,AE,AE
4010091,4,10,91,AE,AE,AE,AE,AE,AE,AE,AE,AE,AE,AE,AE,AE,AE,AE,AE
4010093,4,10,93,AE,AE,AE,AE,AE,AE,AE,AE,AE,AE,AE,AE,AE,AE,AE,AE
4010095,4,10,95,AE,AE,AE,AE,AE,AE,AE,AE,AE,AE,AE,AE,AE,AE,AE,AE
4010097,4,10,97,AE,AE,AE,AE,AE,AE,AE,AE,AE,AE,AE,AE,AE,AE,AE,AE
4010099,4,10,99,AE,AE,AE,AE,AE,AE,AE,AE,AE,AE,AE,AE,AE,AE,AE,AE
4010101,4,10,101,AE,AE,AE,AE,AE,AE,AE,AE,AE,AE,AE,AE,AE,AE,AE,AE
4010103,4,10,103,AE,AE,AE,AE,AE,AE,AE,AE,AE,AE,AE,AE,AE,AE,AE,AE
4010105,4,10,105,AE,AE,AE,AE,AE,AE,AE,AE,AE,AE,AE,AE,AE,AE,AE,AE
4010107,4,10,107,AE,AE,AE,AE,AE,AE,AE,AE,AE,AE,AE,AE,AE,AE,AE,AE
4010109,4,10,109,AE,AE,AE,AE,AE,AE,AE,AE,AE,AE,AE,AE,AE,AE,AE,AE
4010145,4,10,145,AE,AE,AE,AE,AE,AE,AE,AE,AE,AE,AE,AE,AE,AE,AE,AE
4010147,4,10,147,AE,AE,AE,AE,AE,AE,AE,AE,AE,AE,AE,AE,AE,AE,AE,AE
4010149,4,10,149,AE,AE,AE,AE,AE,AE,AE,AE,AE,AE,AE,AE,AE,AE,AE,AE
4010151,4,10,151,AE,AE,AE,AE,AE,AE,AE,AE,AE,AE,AE,AE,AE,AE,AE,AE
4010153,4,10,153,AE,AE,AE,AE,AE,AE,AE,AE,AE,AE,AE,AE,AE,AE,AE,AE
4010155,4,10,155,AE,AE,AE,AE,AE,AE,AE,AE,AE,AE,AE,AE,AE,AE,AE,AE
4010157,4,10,157,AE,AE,AE,AE,AE,AE,AE,AE,AE,AE,AE,AE,AE,AE,AE,AE
4010159,4,10,159,AE,AE,AE,AE,AE,AE,AE,AE,AE,AE,AE,AE,AE,AE,AE,AE
4010161,4,10,161,AE,AE,AE,AE,AE,AE,AE,AE,AE,AE,AE,AE,AE,AE,AE,AE
4010163,4,10,163,AE,AE,AE,AE,AE,AE,AE,AE,AE,AE,AE,AE,AE,AE,AE,AE
4010165,4,10,165,AE,AE,AE,AE,AE,AE,AE,AE,AE,AE,AE,AE,AE,AE,AE,AE
4010167,4,10,167,AE,AE,AE,AE,AE,AE,AE,AE,AE,AE,AE,AE,AE,AE,AE,AE
4010169,4,10,169,AE,AE,AE,AE,AE,AE,AE,AE,AE,AE,AE,AE,AE,AE,AE,AE
4010171,4,10,171,AE,AE,AE,AE,AE,AE,AE,AE,AE,AE,AE,AE,AE,AE,AE,AE
4010173,4,10,173,AE,AE,AE,AE,AE,AE,AE,AE,AE,AE,AE,AE,AE,AE,AE,AE
4010175,4,10,175,AE,AE,AE,AE,AE,AE,AE,AE,AE,AE,AE,AE,AE,AE,AE,AE
4010177,4,10,177,AE,AE,AE,AE,AE,AE,AE,AE,AE,AE,AE,AE,AE,AE,AE,AE
4010179,4,10,179,AE,AE,AE,AE,AE,AE,AE,AE,AE,AE,AE,AE,AE,AE,AE,AE
4010181,4,10,181,AE,AE,AE,AE,AE,AE,AE,AE,AE,AE,AE,AE,AE,AE,AE,AE
4010183,4,10,183,AE,AE,AE,AE,AE,AE,AE,AE,AE,AE,AE,AE,AE,AE,AE,AE
4010185,4,10,185,AE,AE,AE,AE,AE,AE,AE,AE,AE,AE,AE,AE,AE,AE,AE,AE
4010187,4,10,187,AE,AE,AE,AE,AE,AE,AE,AE,AE,AE,AE,AE,AE,AE,AE,AE
4010189,4,10,189,AE,AE,AE,AE,AE,AE,AE,AE,AE,AE,AE,AE,AE,AE,AE,AE
4010191,4,10,191,AE,AE,AE,AE,AE,AE,AE,AE,AE,AE,AE,AE,AE,AE,AE,AE
4010193,4,10,193,AE,AE,AE,AE,AE,AE,AE,AE,AE,AE,AE,AE,AE,AE,AE,AE
4010195,4,10,195,AE,AE,AE,AE,AE,AE,AE,AE,AE,AE,AE,AE,AE,AE,AE,AE
4010197,4,10,197,AE,AE,AE,AE,AE,AE,AE,AE,AE,AE,AE,AE,AE,AE,AE,AE
4010199,4,10,199,AE,AE,AE,AE,AE,AE,AE,AE,AE,AE,AE,AE,AE,AE,AE,AE
4010201,4,10,201,AE,AE,AE,AE,AE,AE,AE,AE,AE,AE,AE,AE,AE,AE,AE,AE
4012017,4,12,17,AE,AE,AE,AE,AE,AE,AE,AE,AE,AE,AE,AE,AE,AE,AE,AE
4012027,4,12,27,AE,AE,AE,AE,AE,AE,AE,AE,AE,AE,AE,AE,AE,AE,AE,AE
4012033,4,12,33,AE,AE,AE,AE,AE,AE,AE,AE,AE,AE,AE,AE,AE,AE,AE,AE
4012035,4,12,35,AE,AE,AE,AE,AE,AE,AE,AE,AE,AE,AE,AE,AE,AE,AE,AE
4012037,4,12,37,AE,AE,AE,AE,AE,AE,AE,AE,AE,AE,AE,AE,AE,AE,AE,AE
4012071,4,12,71,AE,AE,AE,AE,AE,AE,AE,AE,AE,AE,AE,AE,AE,AE,AE,AE
4012083,4,12,83,AE,AE,AE,AE,AE,AE,AE,AE,AE,AE,AE,AE,AE,AE,AE,AE
4012085,4,12,85,AE,AE,AE,AE,AE,AE,AE,AE,AE,AE,AE,AE,AE,AE,AE,AE
4012089,4,12,89,AE,AE,AE,AE,AE,AE,AE,AE,AE,AE,AE,AE,AE,AE,AE,AE
4014001,4,14,1,AE,AE,AE,AE,AE,AE,AE,AE,AE,AE,AE,AE,AE,AE,AE,AE
4016023,4,16,23,AE,AE,AE,AE,AE,AE,AE,AE,AE,AE,AE,AE,AE,AE,AE,AE
4018019,4,18,19,AE,AE,AE,AE,AE,AE,AE,AE,AE,AE,AE,AE,AE,AE,AE,AE
4018045,4,18,45,AE,AE,AE,AE,AE,AE,AE,AE,AE,AE,AE,AE,AE,AE,AE,AE
4018047,4,18,47,AE,AE,AE,AE,AE,AE,AE,AE,AE,AE,AE,AE,AE,AE,AE,AE
4018049,4,18,49,AE,AE,AE,AE,AE,AE,AE,AE,AE,AE,AE,AE,AE,AE,AE,AE
4018051,4,18,51,AE,AE,AE,AE,AE,AE,AE,AE,AE,AE,AE,AE,AE,AE,AE,AE
4018053,4,18,53,AE,AE,AE,AE,AE,AE,AE,AE,AE,AE,AE,AE,AE,AE,AE,AE
4018055,4,18,55,AE,AE,AE,AE,AE,AE,AE,AE,AE,AE,AE,AE,AE,AE,AE,AE
4020005,4,20,5,AE,AE,AE,AE,AE,AE,AE,AE,AE,AE,AE,AE,AE,AE,AE,AE
4020007,4,20,7,AE,AE,AE,AE,AE,AE,AE,AE,AE,AE,AE,AE,AE,AE,AE,AE
4020015,4,20,15,AE,AE,AE,AE,AE,AE,AE,AE,AE,AE,AE,AE,AE,AE,AE,AE
4020023,4,20,23,AE,AE,AE,AE,AE,AE,AE,AE,AE,AE,AE,AE,AE,AE,AE,AE
4020025,4,20,25,AE,AE,AE,AE,AE,AE,AE,AE,AE,AE,AE,AE,AE,AE,AE,AE
4020029,4,20,29,AE,AE,AE,AE,AE,AE,AE,AE,AE,AE,AE,AE,AE,AE,AE,AE
4020073,4,20,73,AE,AE,AE,AE,AE,AE,AE,AE,AE,AE,AE,AE,AE,AE,AE,AE
4020077,4,20,77,AE,AE,AE,AE,AE,AE,AE,AE,AE,AE,AE,AE,AE,AE,AE,AE
4020083,4,20,83,AE,AE,AE,AE,AE,AE,AE,AE,AE,AE,AE,AE,AE,AE,AE,AE
4022013,4,22,13,AE,AE,AE,AE,AE,AE,AE,AE,AE,AE,AE,AE,AE,AE,AE,AE
4022025,4,22,25,AE,AE,AE,AE,AE,AE,AE,AE,AE,AE,AE,AE,AE,AE,AE,AE
4022041,4,22,41,AE,AE,AE,AE,AE,AE,AE,AE,AE,AE,AE,AE,AE,AE,AE,AE
4022043,4,22,43,AE,AE,AE,AE,AE,AE,AE,AE,AE,AE,AE,AE,AE,AE,AE,AE
4022061,4,22,61,AE,AE,AE,AE,AE,AE,AE,AE,AE,AE,AE,AE,AE,AE,AE,AE
4026001,4,26,1,AE,AE,AE,AE,AE,AE,AE,AE,AE,AE,AE,AE,AE,AE,AE,AE
4026003,4,26,3,AE,AE,AE,AE,AE,AE,AE,AE,AE,AE,AE,AE,AE,AE,AE,AE
4026005,4,26,5,AE,AE,AE,AE,AE,AE,AE,AE,AE,AE,AE,AE,AE,AE,AE,AE
4026037,4,26,37,AE,AE,AE,AE,AE,AE,AE,AE,AE,AE,AE,AE,AE,AE,AE,AE
4026071,4,26,71,AE,AE,AE,AE,AE,AE,AE,AE,AE,AE,AE,AE,AE,AE,AE,AE
4030001,4,30,1,AE,AE,AE,AE,AE,AE,AE,AE,AE,AE,AE,AE,AE,AE,AE,AE
4030003,4,30,3,AE,AE,AE,AE,AE,AE,AE,AE,AE,AE,AE,AE,AE,AE,AE,AE
4030005,4,30,5,AE,AE,AE,AE,AE,AE,AE,AE,AE,AE,AE,AE,AE,AE,AE,AE
4030007,4,30,7,AE,AE,AE,AE,AE,AE,AE,AE,AE,AE,AE,AE,AE,AE,AE,AE
4030037,4,30,37,AE,AE,AE,AE,AE,AE,AE,AE,AE,AE,AE,AE,AE,AE,AE,AE
4030053,4,30,53,AE,AE,AE,AE,AE,AE,AE,AE,AE,AE,AE,AE,AE,AE,AE,AE
4030083,4,30,83,AE,AE,AE,AE,AE,AE,AE,AE,AE,AE,AE,AE,AE,AE,AE,AE
4030091,4,30,91,AE,AE,AE,AE,AE,AE,AE,AE,AE,AE,AE,AE,AE,AE,AE,AE
4032027,4,32,27,AE,AE,AE,AE,AE,AE,AE,AE,AE,AE,AE,AE,AE,AE,AE,AE
4032035,4,32,35,AE,AE,AE,AE,AE,AE,AE,AE,AE,AE,AE,AE,AE,AE,AE,AE
4032041,4,32,41,AE,AE,AE,AE,AE,AE,AE,AE,AE,AE,AE,AE,AE,AE,AE,AE
4032043,4,32,43,AE,AE,AE,AE,AE,AE,AE,AE,AE,AE,AE,AE,AE,AE,AE,AE
4032045,4,32,45,AE,AE,AE,AE,AE,AE,AE,AE,AE,AE,AE,AE,AE,AE,AE,AE
4032069,4,32,69,AE,AE,AE,AE,AE,AE,AE,AE,AE,AE,AE,AE,AE,AE,AE,AE
4032081,4,32,81,AE,AE,AE,AE,AE,AE,AE,AE,AE,AE,AE,AE,AE,AE,AE,AE
4032087,4,32,87,AE,AE,AE,AE,AE,AE,AE,AE,AE,AE,AE,AE,AE,AE,AE,AE
4032113,4,32,113,AE,AE,AE,AE,AE,AE,AE,AE,AE,AE,AE,AE,AE,AE,AE,AE
4034025,4,34,25,AE,AE,AE,AE,AE,AE,AE,AE,AE,AE,AE,AE,AE,AE,AE,AE
4034037,4,34,37,AE,AE,AE,AE,AE,AE,AE,AE,AE,AE,AE,AE,AE,AE,AE,AE
4034063,4,34,63,AE,AE,AE,AE,AE,AE,AE,AE,AE,AE,AE,AE,AE,AE,AE,AE
4034109,4,34,109,AE,AE,AE,AE,AE,AE,AE,AE,AE,AE,AE,AE,AE,AE,AE,AE
4034111,4,34,111,AE,AE,AE,AE,AE,AE,AE,AE,AE,AE,AE,AE,AE,AE,AE,AE
4034135,4,34,135,AE,AE,AE,AE,AE,AE,AE,AE,AE,AE,AE,AE,AE,AE,AE,AE
4034141,4,34,141,AE,AE,AE,AE,AE,AE,AE,AE,AE,AE,AE,AE,AE,AE,AE,AE
4034143,4,34,143,AE,AE,AE,AE,AE,AE,AE,AE,AE,AE,AE,AE,AE,AE,AE,AE
4036003,4,36,3,AE,AE,AE,AE,AE,AE,AE,AE,AE,AE,AE,AE,AE,AE,AE,AE
4038003,4,38,3,AE,AE,AE,AE,AE,AE,AE,AE,AE,AE,AE,AE,AE,AE,AE,AE
4040001,4,40,1,AE,AE,AE,AE,AE,AE,AE,AE,AE,AE,AE,AE,AE,AE,AE,AE
4040003,4,40,3,AE,AE,AE,AE,AE,AE,AE,AE,AE,AE,AE,AE,AE,AE,AE,AE
4040005,4,40,5,AE,AE,AE,AE,AE,AE,AE,AE,AE,AE,AE,AE,AE,AE,AE,AE
4040007,4,40,7,AE,AE,AE,AE,AE,AE,AE,AE,AE,AE,AE,AE,AE,AE,AE,AE
4040009,4,40,9,AE,AE,AE,AE,AE,AE,AE,AE,AE,AE,AE,AE,AE,AE,AE,AE
4040011,4,40,11,AE,AE,AE,AE,AE,AE,AE,AE,AE,AE,AE,AE,AE,AE,AE,AE
4040013,4,40,13,AE,AE,AE,AE,AE,AE,AE,AE,AE,AE,AE,AE,AE,AE,AE,AE
4040015,4,40,15,AE,AE,AE,AE,AE,AE,AE,AE,AE,AE,AE,AE,AE,AE,AE,AE
4040017,4,40,17,AE,AE,AE,AE,AE,AE,AE,AE,AE,AE,AE,AE,AE,AE,AE,AE
4040019,4,40,19,AE,AE,AE,AE,AE,AE,AE,AE,AE,AE,AE,AE,AE,AE,AE,AE
4040029,4,40,29,AE,AE,AE,AE,AE,AE,AE,AE,AE,AE,AE,AE,AE,AE,AE,AE
4040037,4,40,37,AE,AE,AE,AE,AE,AE,AE,AE,AE,AE,AE,AE,AE,AE,AE,AE
4040055,4,40,55,AE,AE,AE,AE,AE,AE,AE,AE,AE,AE,AE,AE,AE,AE,AE,AE
4040057,4,40,57,AE,AE,AE,AE,AE,AE,AE,AE,AE,AE,AE,AE,AE,AE,AE,AE
4040059,4,40,59,AE,AE,AE,AE,AE,AE,AE,AE,AE,AE,AE,AE,AE,AE,AE,AE
4040061,4,40,61,AE,AE,AE,AE,AE,AE,AE,AE,AE,AE,AE,AE,AE,AE,AE,AE
4040065,4,40,65,AE,AE,AE,AE,AE,AE,AE,AE,AE,AE,AE,AE,AE,AE,AE,AE
4040085,4,40,85,AE,AE,AE,AE,AE,AE,AE,AE,AE,AE,AE,AE,AE,AE,AE,AE
4040087,4,40,87,AE,AE,AE,AE,AE,AE,AE,AE,AE,AE,AE,AE,AE,AE,AE,AE
4040089,4,40,89,AE,AE,AE,AE,AE,AE,AE,AE,AE,AE,AE,AE,AE,AE,AE,AE
4040109,4,40,109,AE,AE,AE,AE,AE,AE,AE,AE,AE,AE,AE,AE,AE,AE,AE,AE
4040111,4,40,111,AE,AE,AE,AE,AE,AE,AE,AE,AE,AE,AE,AE,AE,AE,AE,AE
4040129,4,40,129,AE,AE,AE,AE,AE,AE,AE,AE,AE,AE,AE,AE,AE,AE,AE,AE
4040131,4,40,131,AE,AE,AE,AE,AE,AE,AE,AE,AE,AE,AE,AE,AE,AE,AE,AE
4040161,4,40,161,AE,AE,AE,AE,AE,AE,AE,AE,AE,AE,AE,AE,AE,AE,AE,AE
4040189,4,40,189,AE,AE,AE,AE,AE,AE,AE,AE,AE,AE,AE,AE,AE,AE,AE,AE
4040201,4,40,201,AE,AE,AE,AE,AE,AE,AE,AE,AE,AE,AE,AE,AE,AE,AE,AE
4042021,4,42,21,AE,AE,AE,AE,AE,AE,AE,AE,AE,AE,AE,AE,AE,AE,AE,AE
4042027,4,42,27,AE,AE,AE,AE,AE,AE,AE,AE,AE,AE,AE,AE,AE,AE,AE,AE
4044025,4,44,25,AE,AE,AE,AE,AE,AE,AE,AE,AE,AE,AE,AE,AE,AE,AE,AE
4046005,4,46,5,AE,AE,AE,AE,AE,AE,AE,AE,AE,AE,AE,AE,AE,AE,AE,AE
4046025,4,46,25,AE,AE,AE,AE,AE,AE,AE,AE,AE,AE,AE,AE,AE,AE,AE,AE
4050003,4,50,3,AE,AE,AE,AE,AE,AE,AE,AE,AE,AE,AE,AE,AE,AE,AE,AE
4050021,4,50,21,AE,AE,AE,AE,AE,AE,AE,AE,AE,AE,AE,AE,AE,AE,AE,AE
4050025,4,50,25,AE,AE,AE,AE,AE,AE,AE,AE,AE,AE,AE,AE,AE,AE,AE,AE
5002001,5,2,1,AE,AE,AE,AE,AE,AE,AE,AE,AE,AE,AE,AE,AE,AE,AE,AE
5002015,5,2,15,AE,AE,AE,AE,AE,AE,AE,AE,AE,AE,AE,AE,AE,AE,AE,AE
5002023,5,2,23,AE,AE,AE,AE,AE,AE,AE,AE,AE,AE,AE,AE,AE,AE,AE,AE
5002033,5,2,33,AE,AE,AE,AE,AE,AE,AE,AE,AE,AE,AE,AE,AE,AE,AE,AE
5002039,5,2,39,AE,AE,AE,AE,AE,AE,AE,AE,AE,AE,AE,AE,AE,AE,AE,AE
5002055,5,2,55,AE,AE,AE,AE,AE,AE,AE,AE,AE,AE,AE,AE,AE,AE,AE,AE
5002059,5,2,59,AE,AE,AE,AE,AE,AE,AE,AE,AE,AE,AE,AE,AE,AE,AE,AE
5002085,5,2,85,AE,AE,AE,AE,AE,AE,AE,AE,AE,AE,AE,AE,AE,AE,AE,AE
5002099,5,2,99,AE,AE,AE,AE,AE,AE,AE,AE,AE,AE,AE,AE,AE,AE,AE,AE
5002109,5,2,109,AE,AE,AE,AE,AE,AE,AE,AE,AE,AE,AE,AE,AE,AE,AE,AE
5002117,5,2,117,AE,AE,AE,AE,AE,AE,AE,AE,AE,AE,AE,AE,AE,AE,AE,AE
5002123,5,2,123,AE,AE,AE,AE,AE,AE,AE,AE,AE,AE,AE,AE,AE,AE,AE,AE
5002127,5,2,127,AE,AE,AE,AE,AE,AE,AE,AE,AE,AE,AE,AE,AE,AE,AE,AE
5002131,5,2,131,AE,AE,AE,AE,AE,AE,AE,AE,AE,AE,AE,AE,AE,AE,AE,AE
5002135,5,2,135,AE,AE,AE,AE,AE,AE,AE,AE,AE,AE,AE,AE,AE,AE,AE,AE
5002145,5,2,145,AE,AE,AE,AE,AE,AE,AE,AE,AE,AE,AE,AE,AE,AE,AE,AE
5002153,5,2,153,AE,AE,AE,AE,AE,AE,AE,AE,AE,AE,AE,AE,AE,AE,AE,AE
5002159,5,2,159,AE,AE,AE,AE,AE,AE,AE,AE,AE,AE,AE,AE,AE,AE,AE,AE
5002165,5,2,165,AE,AE,AE,AE,AE,AE,AE,AE,AE,AE,AE,AE,AE,AE,AE,AE
5002175,5,2,175,AE,AE,AE,AE,AE,AE,AE,AE,AE,AE,AE,AE,AE,AE,AE,AE
5002179,5,2,179,AE,AE,AE,AE,AE,AE,AE,AE,AE,AE,AE,AE,AE,AE,AE,AE
5002181,5,2,181,AE,AE,AE,AE,AE,AE,AE,AE,AE,AE,AE,AE,AE,AE,AE,AE
5002189,5,2,189,AE,AE,AE,AE,AE,AE,AE,AE,AE,AE,AE,AE,AE,AE,AE,AE
5002193,5,2,193,AE,AE,AE,AE,AE,AE,AE,AE,AE,AE,AE,AE,AE,AE,AE,AE
5002203,5,2,203,AE,AE,AE,AE,AE,AE,AE,AE,AE,AE,AE,AE,AE,AE,AE,AE
5002213,5,2,213,AE,AE,AE,AE,AE,AE,AE,AE,AE,AE,AE,AE,AE,AE,AE,AE
5002229,5,2,229,AE,AE,AE,AE,AE,AE,AE,AE,AE,AE,AE,AE,AE,AE,AE,AE
5002241,5,2,241,AE,AE,AE,AE,AE,AE,AE,AE,AE,AE,AE,AE,AE,AE,AE,AE
5004035,5,4,35,AE,AE,AE,AE,AE,AE,AE,AE,AE,AE,AE,AE,AE,AE,AE,AE
5004053,5,4,53,AE,AE,AE,AE,AE,AE,AE,AE,AE,AE,AE,AE,AE,AE,AE,AE
5004063,5,4,63,AE,AE,AE,AE,AE,AE,AE,AE,AE,AE,AE,AE,AE,AE,AE,AE
5004081,5,4,81,AE,AE,AE,AE,AE,AE,AE,AE,AE,AE,AE,AE,AE,AE,AE,AE
5006079,5,6,79,AE,AE,AE,AE,AE,AE,AE,AE,AE,AE,AE,AE,AE,AE,AE,AE
5006087,5,6,87,AE,AE,AE,AE,AE,AE,AE,AE,AE,AE,AE,AE,AE,AE,AE,AE
5006089,5,6,89,AE,AE,AE,AE,AE,AE,AE,AE,AE,AE,AE,AE,AE,AE,AE,AE
5006091,5,6,91,AE,AE,AE,AE,AE,AE,AE,AE,AE,AE,AE,AE,AE,AE,AE,AE
5006099,5,6,99,AE,AE,AE,AE,AE,AE,AE,AE,AE,AE,AE,AE,AE,AE,AE,AE
5006123,5,6,123,AE,AE,AE,AE,AE,AE,AE,AE,AE,AE,AE,AE,AE,AE,AE,AE
5006131,5,6,131,AE,AE,AE,AE,AE,AE,AE,AE,AE,AE,AE,AE,AE,AE,AE,AE
5006135,5,6,135,AE,AE,AE,AE,AE,AE,AE,AE,AE,AE,AE,AE,AE,AE,AE,AE
5006141,5,6,141,AE,AE,AE,AE,AE,AE,AE,AE,AE,AE,AE,AE,AE,AE,AE,AE
5008041,5,8,41,AE,AE,AE,AE,AE,AE,AE,AE,AE,AE,AE,AE,AE,AE,AE,AE
5008049,5,8,49,AE,AE,AE,AE,AE,AE,AE,AE,AE,AE,AE,AE,AE,AE,AE,AE
5008051,5,8,51,AE,AE,AE,AE,AE,AE,AE,AE,AE,AE,AE,AE,AE,AE,AE,AE
5008053,5,8,53,AE,AE,AE,AE,AE,AE,AE,AE,AE,AE,AE,AE,AE,AE,AE,AE
5008095,5,8,95,AE,AE,AE,AE,AE,AE,AE,AE,AE,AE,AE,AE,AE,AE,AE,AE
5008097,5,8,97,AE,AE,AE,AE,AE,AE,AE,AE,AE,AE,AE,AE,AE,AE,AE,AE
5008099,5,8,99,AE,AE,AE,AE,AE,AE,AE,AE,AE,AE,AE,AE,AE,AE,AE,AE
5008101,5,8,101,AE,AE,AE,AE,AE,AE,AE,AE,AE,AE,AE,AE,AE,AE,AE,AE
5010029,5,10,29,AE,AE,AE,AE,AE,AE,AE,AE,AE,AE,AE,AE,AE,AE,AE,AE
5010039,5,10,39,AE,AE,AE,AE,AE,AE,AE,AE,AE,AE,AE,AE,AE,AE,AE,AE
5010045,5,10,45,AE,AE,AE,AE,AE,AE,AE,AE,AE,AE,AE,AE,AE,AE,AE,AE
5014019,5,14,19,AE,AE,AE,AE,AE,AE,AE,AE,AE,AE,AE,AE,AE,AE,AE,AE
5014021,5,14,21,AE,AE,AE,AE,AE,AE,AE,AE,AE,AE,AE,AE,AE,AE,AE,AE
5014057,5,14,57,AE,AE,AE,AE,AE,AE,AE,AE,AE,AE,AE,AE,AE,AE,AE,AE
5014127,5,14,127,AE,AE,AE,AE,AE,AE,AE,AE,AE,AE,AE,AE,AE,AE,AE,AE
5014151,5,14,151,AE,AE,AE,AE,AE,AE,AE,AE,AE,AE,AE,AE,AE,AE,AE,AE
5014161,5,14,161,AE,AE,AE,AE,AE,AE,AE,AE,AE,AE,AE,AE,AE,AE,AE,AE
5014195,5,14,195,AE,AE,AE,AE,AE,AE,AE,AE,AE,AE,AE,AE,AE,AE,AE,AE
5014201,5,14,201,AE,AE,AE,AE,AE,AE,AE,AE,AE,AE,AE,AE,AE,AE,AE,AE
5014205,5,14,205,AE,AE,AE,AE,AE,AE,AE,AE,AE,AE,AE,AE,AE,AE,AE,AE
5014211,5,14,211,AE,AE,AE,AE,AE,AE,AE,AE,AE,AE,AE,AE,AE,AE,AE,AE
5014213,5,14,213,AE,AE,AE,AE,AE,AE,AE,AE,AE,AE,AE,AE,AE,AE,AE,AE
5014215,5,14,215,AE,AE,AE,AE,AE,AE,AE,AE,AE,AE,AE,AE,AE,AE,AE,AE
5014217,5,14,217,AE,AE,AE,AE,AE,AE,AE,AE,AE,AE,AE,AE,AE,AE,AE,AE
5014227,5,14,227,AE,AE,AE,AE,AE,AE,AE,AE,AE,AE,AE,AE,AE,AE,AE,AE
5014243,5,14,243,AE,AE,AE,AE,AE,AE,AE,AE,AE,AE,AE,AE,AE,AE,AE,AE
5014245,5,14,245,AE,AE,AE,AE,AE,AE,AE,AE,AE,AE,AE,AE,AE,AE,AE,AE
5016013,5,16,13,AE,AE,AE,AE,AE,AE,AE,AE,AE,AE,AE,AE,AE,AE,AE,AE
5016017,5,16,17,AE,AE,AE,AE,AE,AE,AE,AE,AE,AE,AE,AE,AE,AE,AE,AE
5016025,5,16,25,AE,AE,AE,AE,AE,AE,AE,AE,AE,AE,AE,AE,AE,AE,AE,AE
5016035,5,16,35,AE,AE,AE,AE,AE,AE,AE,AE,AE,AE,AE,AE,AE,AE,AE,AE
5016073,5,16,73,AE,AE,AE,AE,AE,AE,AE,AE,AE,AE,AE,AE,AE,AE,AE,AE
5016079,5,16,79,AE,AE,AE,AE,AE,AE,AE,AE,AE,AE,AE,AE,AE,AE,AE,AE
5016095,5,16,95,AE,AE,AE,AE,AE,AE,AE,AE,AE,AE,AE,AE,AE,AE,AE,AE
5020005,5,20,5,AE,AE,AE,AE,AE,AE,AE,AE,AE,AE,AE,AE,AE,AE,AE,AE
5020007,5,20,7,AE,AE,AE,AE,AE,AE,AE,AE,AE,AE,AE,AE,AE,AE,AE,AE
5020009,5,20,9,AE,AE,AE,AE,AE,AE,AE,AE,AE,AE,AE,AE,AE,AE,AE,AE
5020011,5,20,11,AE,AE,AE,AE,AE,AE,AE,AE,AE,AE,AE,AE,AE,AE,AE,AE
5020013,5,20,13,AE,AE,AE,AE,AE,AE,AE,AE,AE,AE,AE,AE,AE,AE,AE,AE
5020015,5,20,15,AE,AE,AE,AE,AE,AE,AE,AE,AE,AE,AE,AE,AE,AE,AE,AE
5020017,5,20,17,AE,AE,AE,AE,AE,AE,AE,AE,AE,AE,AE,AE,AE,AE,AE,AE
5020019,5,20,19,AE,AE,AE,AE,AE,AE,AE,AE,AE,AE,AE,AE,AE,AE,AE,AE
5020021,5,20,21,AE,AE,AE,AE,AE,AE,AE,AE,AE,AE,AE,AE,AE,AE,AE,AE
5020023,5,20,23,AE,AE,AE,AE,AE,AE,AE,AE,AE,AE,AE,AE,AE,AE,AE,AE
5020025,5,20,25,AE,AE,AE,AE,AE,AE,AE,AE,AE,AE,AE,AE,AE,AE,AE,AE
5020027,5,20,27,AE,AE,AE,AE,AE,AE,AE,AE,AE,AE,AE,AE,AE,AE,AE,AE
5020029,5,20,29,AE,AE,AE,AE,AE,AE,AE,AE,AE,AE,AE,AE,AE,AE,AE,AE
5020031,5,20,31,AE,AE,AE,AE,AE,AE,AE,AE,AE,AE,AE,AE,AE,AE,AE,AE
5020033,5,20,33,AE,AE,AE,AE,AE,AE,AE,AE,AE,AE,AE,AE,AE,AE,AE,AE
5020035,5,20,35,AE,AE,AE,AE,AE,AE,AE,AE,AE,AE,AE,AE,AE,AE,AE,AE
5020037,5,20,37,AE,AE,AE,AE,AE,AE,AE,AE,AE,AE,AE,AE,AE,AE,AE,AE
5020039,5,20,39,AE,AE,AE,AE,AE,AE,AE,AE,AE,AE,AE,AE,AE,AE,AE,AE
5020041,5,20,41,AE,AE,AE,AE,AE,AE,AE,AE,AE,AE,AE,AE,AE,AE,AE,AE
5020043,5,20,43,AE,AE,AE,AE,AE,AE,AE,AE,AE,AE,AE,AE,AE,AE,AE,AE
5026001,5,26,1,AE,AE,AE,AE,AE,AE,AE,AE,AE,AE,AE,AE,AE,AE,AE,AE
5026003,5,26,3,AE,AE,AE,AE,AE,AE,AE,AE,AE,AE,AE,AE,AE,AE,AE,AE
5026005,5,26,5,AE,AE,AE,AE,AE,AE,AE,AE,AE,AE,AE,AE,AE,AE,AE,AE
5026007,5,26,7,AE,AE,AE,AE,AE,AE,AE,AE,AE,AE,AE,AE,AE,AE,AE,AE
5026009,5,26,9,AE,AE,AE,AE,AE,AE,AE,AE,AE,AE,AE,AE,AE,AE,AE,AE
5026021,5,26,21,AE,AE,AE,AE,AE,AE,AE,AE,AE,AE,AE,AE,AE,AE,AE,AE
5026057,5,26,57,AE,AE,AE,AE,AE,AE,AE,AE,AE,AE,AE,AE,AE,AE,AE,AE
5026061,5,26,61,AE,AE,AE,AE,AE,AE,AE,AE,AE,AE,AE,AE,AE,AE,AE,AE
5026089,5,26,89,AE,AE,AE,AE,AE,AE,AE,AE,AE,AE,AE,AE,AE,AE,AE,AE
5030005,5,30,5,AE,AE,AE,AE,AE,AE,AE,AE,AE,AE,AE,AE,AE,AE,AE,AE
5030009,5,30,9,AE,AE,AE,AE,AE,AE,AE,AE,AE,AE,AE,AE,AE,AE,AE,AE
5030023,5,30,23,AE,AE,AE,AE,AE,AE,AE,AE,AE,AE,AE,AE,AE,AE,AE,AE
5030025,5,30,25,AE,AE,AE,AE,AE,AE,AE,AE,AE,AE,AE,AE,AE,AE,AE,AE
5030077,5,30,77,AE,AE,AE,AE,AE,AE,AE,AE,AE,AE,AE,AE,AE,AE,AE,AE
5030101,5,30,101,AE,AE,AE,AE,AE,AE,AE,AE,AE,AE,AE,AE,AE,AE,AE,AE
5030119,5,30,119,AE,AE,AE,AE,AE,AE,AE,AE,AE,AE,AE,AE,AE,AE,AE,AE
5030143,5,30,143,AE,AE,AE,AE,AE,AE,AE,AE,AE,AE,AE,AE,AE,AE,AE,AE
7002007,7,2,7,AE,AE,AE,AE,AE,AE,AE,AE,AE,AE,AE,AE,AE,AE,AE,AE
7002011,7,2,11,AE,AE,AE,AE,AE,AE,AE,AE,AE,AE,AE,AE,AE,AE,AE,AE
7002015,7,2,15,AE,AE,AE,AE,AE,AE,AE,AE,AE,AE,AE,AE,AE,AE,AE,AE
7002019,7,2,19,AE,AE,AE,AE,AE,AE,AE,AE,AE,AE,AE,AE,AE,AE,AE,AE
7002029,7,2,29,AE,AE,AE,AE,AE,AE,AE,AE,AE,AE,AE,AE,AE,AE,AE,AE
7002037,7,2,37,AE,AE,AE,AE,AE,AE,AE,AE,AE,AE,AE,AE,AE,AE,AE,AE
7002043,7,2,43,AE,AE,AE,AE,AE,AE,AE,AE,AE,AE,AE,AE,AE,AE,AE,AE
7002051,7,2,51,AE,AE,AE,AE,AE,AE,AE,AE,AE,AE,AE,AE,AE,AE,AE,AE
7008017,7,8,17,AE,AE,AE,AE,AE,AE,AE,AE,AE,AE,AE,AE,AE,AE,AE,AE
7010003,7,10,3,AE,AE,AE,AE,AE,AE,AE,AE,AE,AE,AE,AE,AE,AE,AE,AE
7012001,7,12,1,AE,AE,AE,AE,AE,AE,AE,AE,AE,AE,AE,AE,AE,AE,AE,AE
7012003,7,12,3,AE,AE,AE,AE,AE,AE,AE,AE,AE,AE,AE,AE,AE,AE,AE,AE
7012005,7,12,5,AE,AE,AE,AE,AE,AE,AE,AE,AE,AE,AE,AE,AE,AE,AE,AE
7012007,7,12,7,AE,AE,AE,AE,AE,AE,AE,AE,AE,AE,AE,AE,AE,AE,AE,AE
7012009,7,12,9,AE,AE,AE,AE,AE,AE,AE,AE,AE,AE,AE,AE,AE,AE,AE,AE
7012011,7,12,11,AE,AE,AE,AE,AE,AE,AE,AE,AE,AE,AE,AE,AE,AE,AE,AE
7012013,7,12,13,AE,AE,AE,AE,AE,AE,AE,AE,AE,AE,AE,AE,AE,AE,AE,AE
7012015,7,12,15,AE,AE,AE,AE,AE,AE,AE,AE,AE,AE,AE,AE,AE,AE,AE,AE
7012017,7,12,17,AE,AE,AE,AE,AE,AE,AE,AE,AE,AE,AE,AE,AE,AE,AE,AE
7012019,7,12,19,AE,AE,AE,AE,AE,AE,AE,AE,AE,AE,AE,AE,AE,AE,AE,AE
7012021,7,12,21,AE,AE,AE,AE,AE,AE,AE,AE,AE,AE,AE,AE,AE,AE,AE,AE
7012023,7,12,23,AE,AE,AE,AE,AE,AE,AE,AE,AE,AE,AE,AE,AE,AE,AE,AE
7012025,7,12,25,AE,AE,AE,AE,AE,AE,AE,AE,AE,AE,AE,AE,AE,AE,AE,AE
7012027,7,12,27,AE,AE,AE,AE,AE,AE,AE,AE,AE,AE,AE,AE,AE,AE,AE,AE
7012029,7,12,29,AE,AE,AE,AE,AE,AE,AE,AE,AE,AE,AE,AE,AE,AE,AE,AE
7012031,7,12,31,AE,AE,AE,AE,AE,AE,AE,AE,AE,AE,AE,AE,AE,AE,AE,AE
7012033,7,12,33,AE,AE,AE,AE,AE,AE,AE,AE,AE,AE,AE,AE,AE,AE,AE,AE
7012035,7,12,35,AE,AE,AE,AE,AE,AE,AE,AE,AE,AE,AE,AE,AE,AE,AE,AE
7012037,7,12,37,AE,AE,AE,AE,AE,AE,AE,AE,AE,AE,AE,AE,AE,AE,AE,AE
7012039,7,12,39,AE,AE,AE,AE,AE,AE,AE,AE,AE,AE,AE,AE,AE,AE,AE,AE
7012041,7,12,41,AE,AE,AE,AE,AE,AE,AE,AE,AE,AE,AE,AE,AE,AE,AE,AE
7012043,7,12,43,AE,AE,AE,AE,AE,AE,AE,AE,AE,AE,AE,AE,AE,AE,AE,AE
7012045,7,12,45,AE,AE,AE,AE,AE,AE,AE,AE,AE,AE,AE,AE,AE,AE,AE,AE
7012047,7,12,47,AE,AE,AE,AE,AE,AE,AE,AE,AE,AE,AE,AE,AE,AE,AE,AE
7012049,7,12,49,AE,AE,AE,AE,AE,AE,AE,AE,AE,AE,AE,AE,AE,AE,AE,AE
7012051,7,12,51,AE,AE,AE,AE,AE,AE,AE,AE,AE,AE,AE,AE,AE,AE,AE,AE
7012053,7,12,53,AE,AE,AE,AE,AE,AE,AE,AE,AE,AE,AE,AE,AE,AE,AE,AE
7012055,7,12,55,AE,AE,AE,AE,AE,AE,AE,AE,AE,AE,AE,AE,AE,AE,AE,AE
7012057,7,12,57,AE,AE,AE,AE,AE,AE,AE,AE,AE,AE,AE,AE,AE,AE,AE,AE
7012059,7,12,59,AE,AE,AE,AE,AE,AE,AE,AE,AE,AE,AE,AE,AE,AE,AE,AE
7012061,7,12,61,AE,AE,AE,AE,AE,AE,AE,AE,AE,AE,AE,AE,AE,AE,AE,AE
7012063,7,12,63,AE,AE,AE,AE,AE,AE,AE,AE,AE,AE,AE,AE,AE,AE,AE,AE
7012065,7,12,65,AE,AE,AE,AE,AE,AE,AE,AE,AE,AE,AE,AE,AE,AE,AE,AE
7012067,7,12,67,AE,AE,AE,AE,AE,AE,AE,AE,AE,AE,AE,AE,AE,AE,AE,AE
7012069,7,12,69,AE,AE,AE,AE,AE,AE,AE,AE,AE,AE,AE,AE,AE,AE,AE,AE
7012071,7,12,71,AE,AE,AE,AE,AE,AE,AE,AE,AE,AE,AE,AE,AE,AE,AE,AE
7012073,7,12,73,AE,AE,AE,AE,AE,AE,AE,AE,AE,AE,AE,AE,AE,AE,AE,AE
7012075,7,12,75,AE,AE,AE,AE,AE,AE,AE,AE,AE,AE,AE,AE,AE,AE,AE,AE
7012077,7,12,77,AE,AE,AE,AE,AE,AE,AE,AE,AE,AE,AE,AE,AE,AE,AE,AE
7012079,7,12,79,AE,AE,AE,AE,AE,AE,AE,AE,AE,AE,AE,AE,AE,AE,AE,AE
7012081,7,12,81,AE,AE,AE,AE,AE,AE,AE,AE,AE,AE,AE,AE,AE,AE,AE,AE
7012083,7,12,83,AE,AE,AE,AE,AE,AE,AE,AE,AE,AE,AE,AE,AE,AE,AE,AE
7012085,7,12,85,AE,AE,AE,AE,AE,AE,AE,AE,AE,AE,AE,AE,AE,AE,AE,AE
7012087,7,12,87,AE,AE,AE,AE,AE,AE,AE,AE,AE,AE,AE,AE,AE,AE,AE,AE
7012089,7,12,89,AE,AE,AE,AE,AE,AE,AE,AE,AE,AE,AE,AE,AE,AE,AE,AE
7012091,7,12,91,AE,AE,AE,AE,AE,AE,AE,AE,AE,AE,AE,AE,AE,AE,AE,AE
7012093,7,12,93,AE,AE,AE,AE,AE,AE,AE,AE,AE,AE,AE,AE,AE,AE,AE,AE
7012095,7,12,95,AE,AE,AE,AE,AE,AE,AE,AE,AE,AE,AE,AE,AE,AE,AE,AE
7012097,7,12,97,AE,AE,AE,AE,AE,AE,AE,AE,AE,AE,AE,AE,AE,AE,AE,AE
7012099,7,12,99,AE,AE,AE,AE,AE,AE,AE,AE,AE,AE,AE,AE,AE,AE,AE,AE
7012101,7,12,101,AE,AE,AE,AE,AE,AE,AE,AE,AE,AE,AE,AE,AE,AE,AE,AE
7012103,7,12,103,AE,AE,AE,AE,AE,AE,AE,AE,AE,AE,AE,AE,AE,AE,AE,AE
7012105,7,12,105,AE,AE,AE,AE,AE,AE,AE,AE,AE,AE,AE,AE,AE,AE,AE,AE
7012107,7,12,107,AE,AE,AE,AE,AE,AE,AE,AE,AE,AE,AE,AE,AE,AE,AE,AE
7012109,7,12,109,AE,AE,AE,AE,AE,AE,AE,AE,AE,AE,AE,AE,AE,AE,AE,AE
7012111,7,12,111,AE,AE,AE,AE,AE,AE,AE,AE,AE,AE,AE,AE,AE,AE,AE,AE
7012113,7,12,113,AE,AE,AE,AE,AE,AE,AE,AE,AE,AE,AE,AE,AE,AE,AE,AE
7012115,7,12,115,AE,AE,AE,AE,AE,AE,AE,AE,AE,AE,AE,AE,AE,AE,AE,AE
7012117,7,12,117,AE,AE,AE,AE,AE,AE,AE,AE,AE,AE,AE,AE,AE,AE,AE,AE
7012119,7,12,119,AE,AE,AE,AE,AE,AE,AE,AE,AE,AE,AE,AE,AE,AE,AE,AE
7012121,7,12,121,AE,AE,AE,AE,AE,AE,AE,AE,AE,AE,AE,AE,AE,AE,AE,AE
7012123,7,12,123,AE,AE,AE,AE,AE,AE,AE,AE,AE,AE,AE,AE,AE,AE,AE,AE
7012125,7,12,125,AE,AE,AE,AE,AE,AE,AE,AE,AE,AE,AE,AE,AE,AE,AE,AE
7012127,7,12,127,AE,AE,AE,AE,AE,AE,AE,AE,AE,AE,AE,AE,AE,AE,AE,AE
7012129,7,12,129,AE,AE,AE,AE,AE,AE,AE,AE,AE,AE,AE,AE,AE,AE,AE,AE
7012131,7,12,131,AE,AE,AE,AE,AE,AE,AE,AE,AE,AE,AE,AE,AE,AE,AE,AE
7012133,7,12,133,AE,AE,AE,AE,AE,AE,AE,AE,AE,AE,AE,AE,AE,AE,AE,AE
7012135,7,12,135,AE,AE,AE,AE,AE,AE,AE,AE,AE,AE,AE,AE,AE,AE,AE,AE
7012137,7,12,137,AE,AE,AE,AE,AE,AE,AE,AE,AE,AE,AE,AE,AE,AE,AE,AE
7012141,7,12,141,AE,AE,AE,AE,AE,AE,AE,AE,AE,AE,AE,AE,AE,AE,AE,AE
7012143,7,12,143,AE,AE,AE,AE,AE,AE,AE,AE,AE,AE,AE,AE,AE,AE,AE,AE
7012145,7,12,145,AE,AE,AE,AE,AE,AE,AE,AE,AE,AE,AE,AE,AE,AE,AE,AE
7012147,7,12,147,AE,AE,AE,AE,AE,AE,AE,AE,AE,AE,AE,AE,AE,AE,AE,AE
7012149,7,12,149,AE,AE,AE,AE,AE,AE,AE,AE,AE,AE,AE,AE,AE,AE,AE,AE
7012151,7,12,151,AE,AE,AE,AE,AE,AE,AE,AE,AE,AE,AE,AE,AE,AE,AE,AE
7012153,7,12,153,AE,AE,AE,AE,AE,AE,AE,AE,AE,AE,AE,AE,AE,AE,AE,AE
7012155,7,12,155,AE,AE,AE,AE,AE,AE,AE,AE,AE,AE,AE,AE,AE,AE,AE,AE
7012157,7,12,157,AE,AE,AE,AE,AE,AE,AE,AE,AE,AE,AE,AE,AE,AE,AE,AE
7012159,7,12,159,AE,AE,AE,AE,AE,AE,AE,AE,AE,AE,AE,AE,AE,AE,AE,AE
7012161,7,12,161,AE,AE,AE,AE,AE,AE,AE,AE,AE,AE,AE,AE,AE,AE,AE,AE
7012163,7,12,163,AE,AE,AE,AE,AE,AE,AE,AE,AE,AE,AE,AE,AE,AE,AE,AE
7012165,7,12,165,AE,AE,AE,AE,AE,AE,AE,AE,AE,AE,AE,AE,AE,AE,AE,AE
7012167,7,12,167,AE,AE,AE,AE,AE,AE,AE,AE,AE,AE,AE,AE,AE,AE,AE,AE
7012173,7,12,173,AE,AE,AE,AE,AE,AE,AE,AE,AE,AE,AE,AE,AE,AE,AE,AE
7014015,7,14,15,AE,AE,AE,AE,AE,AE,AE,AE,AE,AE,AE,AE,AE,AE,AE,AE
7014041,7,14,41,AE,AE,AE,AE,AE,AE,AE,AE,AE,AE,AE,AE,AE,AE,AE,AE
7014091,7,14,91,AE,AE,AE,AE,AE,AE,AE,AE,AE,AE,AE,AE,AE,AE,AE,AE
7014111,7,14,111,AE,AE,AE,AE,AE,AE,AE,AE,AE,AE,AE,AE,AE,AE,AE,AE
7014113,7,14,113,AE,AE,AE,AE,AE,AE,AE,AE,AE,AE,AE,AE,AE,AE,AE,AE
7014123,7,14,123,AE,AE,AE,AE,AE,AE,AE,AE,AE,AE,AE,AE,AE,AE,AE,AE
7014157,7,14,157,AE,AE,AE,AE,AE,AE,AE,AE,AE,AE,AE,AE,AE,AE,AE,AE
7014159,7,14,159,AE,AE,AE,AE,AE,AE,AE,AE,AE,AE,AE,AE,AE,AE,AE,AE
7014161,7,14,161,AE,AE,AE,AE,AE,AE,AE,AE,AE,AE,AE,AE,AE,AE,AE,AE
7014163,7,14,163,AE,AE,AE,AE,AE,AE,AE,AE,AE,AE,AE,AE,AE,AE,AE,AE
7014165,7,14,165,AE,AE,AE,AE,AE,AE,AE,AE,AE,AE,AE,AE,AE,AE,AE,AE
7014167,7,14,167,AE,AE,AE,AE,AE,AE,AE,AE,AE,AE,AE,AE,AE,AE,AE,AE
7014169,7,14,169,AE,AE,AE,AE,AE,AE,AE,AE,AE,AE,AE,AE,AE,AE,AE,AE
7014171,7,14,171,AE,AE,AE,AE,AE,AE,AE,AE,AE,AE,AE,AE,AE,AE,AE,AE
8078033,8,78,33,AE,AE,AE,AE,AE,AE,AE,AE,AE,AE,AE,AE,AE,AE,AE,AE
8078059,8,78,59,AE,AE,AE,AE,AE,AE,AE,AE,AE,AE,AE,AE,AE,AE,AE,AE
8078075,8,78,75,AE,AE,AE,AE,AE,AE,AE,AE,AE,AE,AE,AE,AE,AE,AE,AE
8078077,8,78,77,AE,AE,AE,AE,AE,AE,AE,AE,AE,AE,AE,AE,AE,AE,AE,AE
8078095,8,78,95,AE,AE,AE,AE,AE,AE,AE,AE,AE,AE,AE,AE,AE,AE,AE,AE
8078097,8,78,97,AE,AE,AE,AE,AE,AE,AE,AE,AE,AE,AE,AE,AE,AE,AE,AE
8078117,8,78,117,AE,AE,AE,AE,AE,AE,AE,AE,AE,AE,AE,AE,AE,AE,AE,AE
8078119,8,78,119,AE,AE,AE,AE,AE,AE,AE,AE,AE,AE,AE,AE,AE,AE,AE,AE
8078123,8,78,123,AE,AE,AE,AE,AE,AE,AE,AE,AE,AE,AE,AE,AE,AE,AE,AE
