ANO,BIMESTRE,COD_MUNICIPIO,NOME_MUNICIPIO,CD_ORGAO,NOME_ORGAO,CD_RECEBIMENTO,CD_ORGAO_ORCAMENTARIO,NOME_ORGAO_ORCAMENTARIO,CD_UNIDADE_ORCAMENTARIA,NOME_UNIDADE,TP_UNIDADE,CD_FUNCAO,DS_FUNCAO,CD_SUBFUNCAO,DS_SUBFUNCAO,CD_PROGRAMA,DS_PROGRAMA,CD_PROJETO,NM_PROJETO,CD_ELEMENTO,CD_RECURSO,NM_RECURSO,VL_DOTACAO_INICIAL,VL_ATUALIZACAO_MONETARIA,VL_CREDITOS_SUPLEMENTARES,VL_CREDITOS_ESPECIAIS,VL_CREDITOS_EXTRAORDINARIOS,VL_REDUCAO_DOTACAO,VL_SUPLEMENTACAO_RECURSO,VL_REDUCAO_RECURSO,VL_EMPENHADO,VL_LIQUIDADO,VL_PAGO,VL_LIMITADO,VL_RECOMPOSICAO,VL_PREVISAO_EXECUCAO
2014,6,149,PORTO ALEGRE,54909,DEP. MUNICIPAL DE HABITAÇÃO-P.ALEGRE,128490,31,DEPARTAMENTO MUNICIPAL DE HABITAÇÃO,1,DEPARTAMENTO MUNICIPAL DE HABITAÇÃO,ATE,4,ADMINISTRAÇÃO,122,ADMINISTRAÇÃO GERAL,162,Você Servidor,2847,PROGRAMA DE ATENÇÃO À SAÚDE DO SERVIDOR - DEMHAB,3.3.90.39,1,RECURSO LIVRE - ADMINISTRAÇÃO DIRETA,42780.00,0.00,0.00,0.00,0.00,0.00,0.00,0.00,20930.05,15809.41,12388.30,0.00,0.00,0.00
2014,6,149,PORTO ALEGRE,54909,DEP. MUNICIPAL DE HABITAÇÃO-P.ALEGRE,128490,31,DEPARTAMENTO MUNICIPAL DE HABITAÇÃO,1,DEPARTAMENTO MUNICIPAL DE HABITAÇÃO,ATE,15,URBANISMO,122,ADMINISTRAÇÃO GERAL,160,Cidade da Participação,2873,PUBLICIDADE,3.3.90.39,1,RECURSO LIVRE - ADMINISTRAÇÃO DIRETA,623566.00,0.00,0.00,0.00,0.00,341059.82,0.00,0.00,211585.30,191585.30,173192.90,0.00,0.00,0.00
2014,6,149,PORTO ALEGRE,54909,DEP. MUNICIPAL DE HABITAÇÃO-P.ALEGRE,128490,31,DEPARTAMENTO MUNICIPAL DE HABITAÇÃO,1,DEPARTAMENTO MUNICIPAL DE HABITAÇÃO,ATE,15,URBANISMO,122,ADMINISTRAÇÃO GERAL,160,Cidade da Participação,2873,PUBLICIDADE,3.3.90.92,1,RECURSO LIVRE - ADMINISTRAÇÃO DIRETA,1000.00,0.00,0.00,0.00,0.00,0.00,0.00,0.00,0.00,0.00,0.00,0.00,0.00,0.00
2014,6,149,PORTO ALEGRE,54909,DEP. MUNICIPAL DE HABITAÇÃO-P.ALEGRE,128490,31,DEPARTAMENTO MUNICIPAL DE HABITAÇÃO,1,DEPARTAMENTO MUNICIPAL DE HABITAÇÃO,ATE,16,HABITAÇÃO,122,ADMINISTRAÇÃO GERAL,161,Gestão Total,2540,REDUÇÃO DE INADIMPLÊNCIA,3.3.90.39,1,RECURSO LIVRE - ADMINISTRAÇÃO DIRETA,470293.00,0.00,0.00,0.00,0.00,425463.56,0.00,0.00,44828.64,41092.92,41092.92,0.00,0.00,0.00
2014,6,149,PORTO ALEGRE,54909,DEP. MUNICIPAL DE HABITAÇÃO-P.ALEGRE,128490,31,DEPARTAMENTO MUNICIPAL DE HABITAÇÃO,1,DEPARTAMENTO MUNICIPAL DE HABITAÇÃO,ATE,16,HABITAÇÃO,122,ADMINISTRAÇÃO GERAL,161,Gestão Total,2540,REDUÇÃO DE INADIMPLÊNCIA,3.3.90.92,1,RECURSO LIVRE - ADMINISTRAÇÃO DIRETA,1000.00,0.00,0.00,0.00,0.00,0.00,0.00,0.00,410.80,410.80,410.80,0.00,0.00,0.00
2014,6,149,PORTO ALEGRE,54909,DEP. MUNICIPAL DE HABITAÇÃO-P.ALEGRE,128490,31,DEPARTAMENTO MUNICIPAL DE HABITAÇÃO,1,DEPARTAMENTO MUNICIPAL DE HABITAÇÃO,ATE,16,HABITAÇÃO,122,ADMINISTRAÇÃO GERAL,161,Gestão Total,2587,ADMINISTRAÇÃO GERAL - DEMHAB,3.3.90.14,1,RECURSO LIVRE - ADMINISTRAÇÃO DIRETA,15000.00,0.00,0.00,0.00,0.00,0.00,0.00,0.00,6194.70,6194.70,6194.70,0.00,0.00,0.00
2014,6,149,PORTO ALEGRE,54909,DEP. MUNICIPAL DE HABITAÇÃO-P.ALEGRE,128490,31,DEPARTAMENTO MUNICIPAL DE HABITAÇÃO,1,DEPARTAMENTO MUNICIPAL DE HABITAÇÃO,ATE,16,HABITAÇÃO,122,ADMINISTRAÇÃO GERAL,161,Gestão Total,2587,ADMINISTRAÇÃO GERAL - DEMHAB,3.3.90.30,1,RECURSO LIVRE - ADMINISTRAÇÃO DIRETA,98658.00,0.00,0.00,0.00,0.00,0.00,0.00,0.00,77831.36,77831.36,76717.16,0.00,0.00,0.00
2014,6,149,PORTO ALEGRE,54909,DEP. MUNICIPAL DE HABITAÇÃO-P.ALEGRE,128490,31,DEPARTAMENTO MUNICIPAL DE HABITAÇÃO,1,DEPARTAMENTO MUNICIPAL DE HABITAÇÃO,ATE,16,HABITAÇÃO,122,ADMINISTRAÇÃO GERAL,161,Gestão Total,2587,ADMINISTRAÇÃO GERAL - DEMHAB,3.3.90.33,1,RECURSO LIVRE - ADMINISTRAÇÃO DIRETA,25000.00,0.00,0.00,0.00,0.00,0.00,25000.00,0.00,24033.13,24033.13,24033.13,0.00,0.00,0.00
2014,6,149,PORTO ALEGRE,54909,DEP. MUNICIPAL DE HABITAÇÃO-P.ALEGRE,128490,31,DEPARTAMENTO MUNICIPAL DE HABITAÇÃO,1,DEPARTAMENTO MUNICIPAL DE HABITAÇÃO,ATE,16,HABITAÇÃO,122,ADMINISTRAÇÃO GERAL,161,Gestão Total,2587,ADMINISTRAÇÃO GERAL - DEMHAB,3.3.90.35,1,RECURSO LIVRE - ADMINISTRAÇÃO DIRETA,5000.00,0.00,0.00,0.00,0.00,0.00,0.00,0.00,2660.00,2660.00,2660.00,0.00,0.00,0.00
2014,6,149,PORTO ALEGRE,54909,DEP. MUNICIPAL DE HABITAÇÃO-P.ALEGRE,128490,31,DEPARTAMENTO MUNICIPAL DE HABITAÇÃO,1,DEPARTAMENTO MUNICIPAL DE HABITAÇÃO,ATE,16,HABITAÇÃO,122,ADMINISTRAÇÃO GERAL,161,Gestão Total,2587,ADMINISTRAÇÃO GERAL - DEMHAB,3.3.90.39,1,RECURSO LIVRE - ADMINISTRAÇÃO DIRETA,5074730.00,0.00,0.00,0.00,0.00,642700.00,0.00,35347.94,4164912.60,3568228.42,3535775.27,0.00,0.00,0.00
2014,6,149,PORTO ALEGRE,54909,DEP. MUNICIPAL DE HABITAÇÃO-P.ALEGRE,128490,31,DEPARTAMENTO MUNICIPAL DE HABITAÇÃO,1,DEPARTAMENTO MUNICIPAL DE HABITAÇÃO,ATE,16,HABITAÇÃO,122,ADMINISTRAÇÃO GERAL,161,Gestão Total,2587,ADMINISTRAÇÃO GERAL - DEMHAB,3.3.90.39,400,RECURSO LIVRE - ADMINISTRAÇÃO INDIRETA,45000.00,0.00,0.00,0.00,0.00,0.00,0.00,0.00,25800.00,25800.00,25800.00,0.00,0.00,0.00
2014,6,149,PORTO ALEGRE,54909,DEP. MUNICIPAL DE HABITAÇÃO-P.ALEGRE,128490,31,DEPARTAMENTO MUNICIPAL DE HABITAÇÃO,1,DEPARTAMENTO MUNICIPAL DE HABITAÇÃO,ATE,16,HABITAÇÃO,122,ADMINISTRAÇÃO GERAL,161,Gestão Total,2587,ADMINISTRAÇÃO GERAL - DEMHAB,3.3.90.92,1,RECURSO LIVRE - ADMINISTRAÇÃO DIRETA,10000.00,0.00,0.00,0.00,0.00,0.00,10347.94,0.00,20347.94,20347.94,20347.94,0.00,0.00,0.00
2014,6,149,PORTO ALEGRE,54909,DEP. MUNICIPAL DE HABITAÇÃO-P.ALEGRE,128490,31,DEPARTAMENTO MUNICIPAL DE HABITAÇÃO,1,DEPARTAMENTO MUNICIPAL DE HABITAÇÃO,ATE,16,HABITAÇÃO,122,ADMINISTRAÇÃO GERAL,161,Gestão Total,2587,ADMINISTRAÇÃO GERAL - DEMHAB,3.3.91.39,1,RECURSO LIVRE - ADMINISTRAÇÃO DIRETA,32085.00,0.00,0.00,0.00,0.00,0.00,0.00,32085.00,0.00,0.00,0.00,0.00,0.00,0.00
2014,6,149,PORTO ALEGRE,54909,DEP. MUNICIPAL DE HABITAÇÃO-P.ALEGRE,128490,31,DEPARTAMENTO MUNICIPAL DE HABITAÇÃO,1,DEPARTAMENTO MUNICIPAL DE HABITAÇÃO,ATE,16,HABITAÇÃO,122,ADMINISTRAÇÃO GERAL,161,Gestão Total,2587,ADMINISTRAÇÃO GERAL - DEMHAB,3.3.91.93,1,RECURSO LIVRE - ADMINISTRAÇÃO DIRETA,0.00,0.00,101838.84,0.00,0.00,0.00,32085.00,0.00,130626.03,130626.03,130626.03,0.00,0.00,0.00
2014,6,149,PORTO ALEGRE,54909,DEP. MUNICIPAL DE HABITAÇÃO-P.ALEGRE,128490,31,DEPARTAMENTO MUNICIPAL DE HABITAÇÃO,1,DEPARTAMENTO MUNICIPAL DE HABITAÇÃO,ATE,16,HABITAÇÃO,122,ADMINISTRAÇÃO GERAL,161,Gestão Total,2587,ADMINISTRAÇÃO GERAL - DEMHAB,4.4.90.51,1,RECURSO LIVRE - ADMINISTRAÇÃO DIRETA,0.00,0.00,14872.01,0.00,0.00,0.00,1.00,2.00,0.00,0.00,0.00,0.00,0.00,0.00
2014,6,149,PORTO ALEGRE,54909,DEP. MUNICIPAL DE HABITAÇÃO-P.ALEGRE,128490,31,DEPARTAMENTO MUNICIPAL DE HABITAÇÃO,1,DEPARTAMENTO MUNICIPAL DE HABITAÇÃO,ATE,16,HABITAÇÃO,122,ADMINISTRAÇÃO GERAL,161,Gestão Total,2587,ADMINISTRAÇÃO GERAL - DEMHAB,4.4.90.52,1,RECURSO LIVRE - ADMINISTRAÇÃO DIRETA,18793.00,0.00,68859.60,0.00,0.00,0.00,2.00,2.00,83893.00,83893.00,83893.00,0.00,0.00,0.00
2014,6,149,PORTO ALEGRE,54909,DEP. MUNICIPAL DE HABITAÇÃO-P.ALEGRE,128490,31,DEPARTAMENTO MUNICIPAL DE HABITAÇÃO,1,DEPARTAMENTO MUNICIPAL DE HABITAÇÃO,ATE,16,HABITAÇÃO,122,ADMINISTRAÇÃO GERAL,161,Gestão Total,2587,ADMINISTRAÇÃO GERAL - DEMHAB,4.4.90.52,400,RECURSO LIVRE - ADMINISTRAÇÃO INDIRETA,0.00,0.00,79999.00,0.00,0.00,0.00,1.00,0.00,0.00,0.00,0.00,0.00,0.00,0.00
2014,6,149,PORTO ALEGRE,54909,DEP. MUNICIPAL DE HABITAÇÃO-P.ALEGRE,128490,31,DEPARTAMENTO MUNICIPAL DE HABITAÇÃO,3,FUNDO MUNICIPAL DE HABITAÇÃO E INTERESSE SOCIAL - FMHIS,ATE,16,HABITAÇÃO,122,ADMINISTRAÇÃO GERAL,161,Gestão Total,2704,SISTEMA DE CONTROLE DE DADOS HABITACIONAIS,3.3.90.39,7903,RECURSOS FUNDO MUNICIPAL DE HABITAÇÃO DE INTERESSE SOCIAL,592000.00,0.00,0.00,0.00,0.00,0.00,0.00,0.00,0.00,0.00,0.00,0.00,0.00,0.00
2014,6,149,PORTO ALEGRE,54909,DEP. MUNICIPAL DE HABITAÇÃO-P.ALEGRE,128490,31,DEPARTAMENTO MUNICIPAL DE HABITAÇÃO,3,FUNDO MUNICIPAL DE HABITAÇÃO E INTERESSE SOCIAL - FMHIS,ATE,16,HABITAÇÃO,122,ADMINISTRAÇÃO GERAL,161,Gestão Total,2704,SISTEMA DE CONTROLE DE DADOS HABITACIONAIS,3.3.90.92,7903,RECURSOS FUNDO MUNICIPAL DE HABITAÇÃO DE INTERESSE SOCIAL,8000.00,0.00,0.00,0.00,0.00,0.00,0.00,0.00,0.00,0.00,0.00,0.00,0.00,0.00
2014,6,149,PORTO ALEGRE,54909,DEP. MUNICIPAL DE HABITAÇÃO-P.ALEGRE,128490,31,DEPARTAMENTO MUNICIPAL DE HABITAÇÃO,3,FUNDO MUNICIPAL DE HABITAÇÃO E INTERESSE SOCIAL - FMHIS,ATE,16,HABITAÇÃO,122,ADMINISTRAÇÃO GERAL,161,Gestão Total,2788,ADMINISTRAÇÃO GERAL - FMHIS,3.3.20.93,1,RECURSO LIVRE - ADMINISTRAÇÃO DIRETA,2000.00,0.00,0.00,0.00,0.00,0.00,0.00,0.00,0.00,0.00,0.00,0.00,0.00,0.00
2014,6,149,PORTO ALEGRE,54909,DEP. MUNICIPAL DE HABITAÇÃO-P.ALEGRE,128490,31,DEPARTAMENTO MUNICIPAL DE HABITAÇÃO,3,FUNDO MUNICIPAL DE HABITAÇÃO E INTERESSE SOCIAL - FMHIS,ATE,16,HABITAÇÃO,122,ADMINISTRAÇÃO GERAL,161,Gestão Total,2788,ADMINISTRAÇÃO GERAL - FMHIS,3.3.90.39,1,RECURSO LIVRE - ADMINISTRAÇÃO DIRETA,0.00,0.00,0.00,0.00,0.00,0.00,6200.00,0.00,6047.00,6047.00,6047.00,0.00,0.00,0.00
2014,6,149,PORTO ALEGRE,54909,DEP. MUNICIPAL DE HABITAÇÃO-P.ALEGRE,128490,31,DEPARTAMENTO MUNICIPAL DE HABITAÇÃO,3,FUNDO MUNICIPAL DE HABITAÇÃO E INTERESSE SOCIAL - FMHIS,ATE,16,HABITAÇÃO,122,ADMINISTRAÇÃO GERAL,161,Gestão Total,2788,ADMINISTRAÇÃO GERAL - FMHIS,3.3.90.39,7903,RECURSOS FUNDO MUNICIPAL DE HABITAÇÃO DE INTERESSE SOCIAL,45000.00,0.00,0.00,0.00,0.00,0.00,0.00,0.00,31539.60,31539.60,31539.60,0.00,0.00,0.00
2014,6,149,PORTO ALEGRE,54909,DEP. MUNICIPAL DE HABITAÇÃO-P.ALEGRE,128490,31,DEPARTAMENTO MUNICIPAL DE HABITAÇÃO,3,FUNDO MUNICIPAL DE HABITAÇÃO E INTERESSE SOCIAL - FMHIS,ATE,16,HABITAÇÃO,122,ADMINISTRAÇÃO GERAL,161,Gestão Total,2788,ADMINISTRAÇÃO GERAL - FMHIS,3.3.90.93,1,RECURSO LIVRE - ADMINISTRAÇÃO DIRETA,45771.00,0.00,0.00,0.00,0.00,0.00,0.00,33030.00,5904.78,5904.78,5904.78,0.00,0.00,0.00
2014,6,149,PORTO ALEGRE,54909,DEP. MUNICIPAL DE HABITAÇÃO-P.ALEGRE,128490,31,DEPARTAMENTO MUNICIPAL DE HABITAÇÃO,3,FUNDO MUNICIPAL DE HABITAÇÃO E INTERESSE SOCIAL - FMHIS,ATE,16,HABITAÇÃO,122,ADMINISTRAÇÃO GERAL,161,Gestão Total,2788,ADMINISTRAÇÃO GERAL - FMHIS,3.3.90.93,7903,RECURSOS FUNDO MUNICIPAL DE HABITAÇÃO DE INTERESSE SOCIAL,0.00,0.00,0.00,0.00,0.00,0.00,26830.00,0.00,17804.03,17804.03,16224.85,0.00,0.00,0.00
2014,6,149,PORTO ALEGRE,54909,DEP. MUNICIPAL DE HABITAÇÃO-P.ALEGRE,128490,31,DEPARTAMENTO MUNICIPAL DE HABITAÇÃO,3,FUNDO MUNICIPAL DE HABITAÇÃO E INTERESSE SOCIAL - FMHIS,ATE,16,HABITAÇÃO,122,ADMINISTRAÇÃO GERAL,161,Gestão Total,2788,ADMINISTRAÇÃO GERAL - FMHIS,4.4.90.52,1,RECURSO LIVRE - ADMINISTRAÇÃO DIRETA,3565.00,0.00,0.00,0.00,0.00,0.00,0.00,0.00,0.00,0.00,0.00,0.00,0.00,0.00
2014,6,149,PORTO ALEGRE,54909,DEP. MUNICIPAL DE HABITAÇÃO-P.ALEGRE,128490,31,DEPARTAMENTO MUNICIPAL DE HABITAÇÃO,1,DEPARTAMENTO MUNICIPAL DE HABITAÇÃO,ATE,16,HABITAÇÃO,122,ADMINISTRAÇÃO GERAL,162,Você Servidor,2870,ADMINISTRAÇÃO DE PESSOAL,3.1.90.11,1,RECURSO LIVRE - ADMINISTRAÇÃO DIRETA,23268476.00,0.00,892000.00,0.00,0.00,463000.00,0.00,177091.00,23506568.43,23506568.43,23506568.43,0.00,0.00,0.00
2014,6,149,PORTO ALEGRE,54909,DEP. MUNICIPAL DE HABITAÇÃO-P.ALEGRE,128490,31,DEPARTAMENTO MUNICIPAL DE HABITAÇÃO,1,DEPARTAMENTO MUNICIPAL DE HABITAÇÃO,ATE,16,HABITAÇÃO,122,ADMINISTRAÇÃO GERAL,162,Você Servidor,2870,ADMINISTRAÇÃO DE PESSOAL,3.1.90.11,400,RECURSO LIVRE - ADMINISTRAÇÃO INDIRETA,0.00,0.00,1232200.00,0.00,0.00,0.00,1.00,0.00,1232200.00,1232200.00,1232200.00,0.00,0.00,0.00
2014,6,149,PORTO ALEGRE,54909,DEP. MUNICIPAL DE HABITAÇÃO-P.ALEGRE,128490,31,DEPARTAMENTO MUNICIPAL DE HABITAÇÃO,1,DEPARTAMENTO MUNICIPAL DE HABITAÇÃO,ATE,16,HABITAÇÃO,122,ADMINISTRAÇÃO GERAL,162,Você Servidor,2870,ADMINISTRAÇÃO DE PESSOAL,3.1.90.16,1,RECURSO LIVRE - ADMINISTRAÇÃO DIRETA,1213630.00,0.00,0.00,0.00,0.00,0.00,9000.00,0.00,1222547.87,1222547.87,1222547.87,0.00,0.00,0.00
2014,6,149,PORTO ALEGRE,54909,DEP. MUNICIPAL DE HABITAÇÃO-P.ALEGRE,128490,31,DEPARTAMENTO MUNICIPAL DE HABITAÇÃO,1,DEPARTAMENTO MUNICIPAL DE HABITAÇÃO,ATE,16,HABITAÇÃO,122,ADMINISTRAÇÃO GERAL,162,Você Servidor,2870,ADMINISTRAÇÃO DE PESSOAL,3.1.90.92,1,RECURSO LIVRE - ADMINISTRAÇÃO DIRETA,10235.00,0.00,0.00,0.00,0.00,0.00,16557.12,9000.00,10810.97,10810.97,10810.97,0.00,0.00,0.00
2014,6,149,PORTO ALEGRE,54909,DEP. MUNICIPAL DE HABITAÇÃO-P.ALEGRE,128490,31,DEPARTAMENTO MUNICIPAL DE HABITAÇÃO,1,DEPARTAMENTO MUNICIPAL DE HABITAÇÃO,ATE,16,HABITAÇÃO,122,ADMINISTRAÇÃO GERAL,162,Você Servidor,2870,ADMINISTRAÇÃO DE PESSOAL,3.1.90.94,1,RECURSO LIVRE - ADMINISTRAÇÃO DIRETA,34816.00,0.00,0.00,0.00,0.00,0.00,55090.00,0.00,59526.60,59526.60,59526.60,0.00,0.00,0.00
2014,6,149,PORTO ALEGRE,54909,DEP. MUNICIPAL DE HABITAÇÃO-P.ALEGRE,128490,31,DEPARTAMENTO MUNICIPAL DE HABITAÇÃO,1,DEPARTAMENTO MUNICIPAL DE HABITAÇÃO,ATE,16,HABITAÇÃO,122,ADMINISTRAÇÃO GERAL,162,Você Servidor,2870,ADMINISTRAÇÃO DE PESSOAL,3.1.90.96,1,RECURSO LIVRE - ADMINISTRAÇÃO DIRETA,195000.00,0.00,0.00,0.00,0.00,0.00,120000.00,14557.12,280815.18,217735.90,217735.90,0.00,0.00,0.00
2014,6,149,PORTO ALEGRE,54909,DEP. MUNICIPAL DE HABITAÇÃO-P.ALEGRE,128490,31,DEPARTAMENTO MUNICIPAL DE HABITAÇÃO,1,DEPARTAMENTO MUNICIPAL DE HABITAÇÃO,ATE,16,HABITAÇÃO,122,ADMINISTRAÇÃO GERAL,162,Você Servidor,2870,ADMINISTRAÇÃO DE PESSOAL,3.3.90.36,1,RECURSO LIVRE - ADMINISTRAÇÃO DIRETA,542549.00,0.00,0.00,0.00,0.00,0.00,0.00,0.00,498317.51,498317.51,498317.51,0.00,0.00,0.00
2014,6,149,PORTO ALEGRE,54909,DEP. MUNICIPAL DE HABITAÇÃO-P.ALEGRE,128490,31,DEPARTAMENTO MUNICIPAL DE HABITAÇÃO,1,DEPARTAMENTO MUNICIPAL DE HABITAÇÃO,ATE,16,HABITAÇÃO,122,ADMINISTRAÇÃO GERAL,162,Você Servidor,2870,ADMINISTRAÇÃO DE PESSOAL,3.3.90.39,1,RECURSO LIVRE - ADMINISTRAÇÃO DIRETA,600000.00,0.00,0.00,0.00,0.00,0.00,30000.00,0.00,618045.07,618045.07,618045.07,0.00,0.00,0.00
2014,6,149,PORTO ALEGRE,54909,DEP. MUNICIPAL DE HABITAÇÃO-P.ALEGRE,128490,31,DEPARTAMENTO MUNICIPAL DE HABITAÇÃO,1,DEPARTAMENTO MUNICIPAL DE HABITAÇÃO,ATE,16,HABITAÇÃO,122,ADMINISTRAÇÃO GERAL,162,Você Servidor,2870,ADMINISTRAÇÃO DE PESSOAL,3.3.90.46,1,RECURSO LIVRE - ADMINISTRAÇÃO DIRETA,1794565.00,0.00,0.00,0.00,0.00,0.00,0.00,548.00,1755904.96,1755904.96,1755904.96,0.00,0.00,0.00
2014,6,149,PORTO ALEGRE,54909,DEP. MUNICIPAL DE HABITAÇÃO-P.ALEGRE,128490,31,DEPARTAMENTO MUNICIPAL DE HABITAÇÃO,1,DEPARTAMENTO MUNICIPAL DE HABITAÇÃO,ATE,16,HABITAÇÃO,122,ADMINISTRAÇÃO GERAL,162,Você Servidor,2870,ADMINISTRAÇÃO DE PESSOAL,3.3.90.47,1,RECURSO LIVRE - ADMINISTRAÇÃO DIRETA,0.00,0.00,0.00,0.00,0.00,0.00,548.00,0.00,0.00,0.00,0.00,0.00,0.00,0.00
2014,6,149,PORTO ALEGRE,54909,DEP. MUNICIPAL DE HABITAÇÃO-P.ALEGRE,128490,31,DEPARTAMENTO MUNICIPAL DE HABITAÇÃO,1,DEPARTAMENTO MUNICIPAL DE HABITAÇÃO,ATE,16,HABITAÇÃO,122,ADMINISTRAÇÃO GERAL,162,Você Servidor,2870,ADMINISTRAÇÃO DE PESSOAL,3.3.90.49,1,RECURSO LIVRE - ADMINISTRAÇÃO DIRETA,49524.00,0.00,0.00,0.00,0.00,0.00,0.00,30000.00,0.00,0.00,0.00,0.00,0.00,0.00
2014,6,149,PORTO ALEGRE,54909,DEP. MUNICIPAL DE HABITAÇÃO-P.ALEGRE,128490,31,DEPARTAMENTO MUNICIPAL DE HABITAÇÃO,1,DEPARTAMENTO MUNICIPAL DE HABITAÇÃO,ATE,16,HABITAÇÃO,126,TECNOLOGIA DA INFORMAÇÃO,161,Gestão Total,2872,PROCESSAMENTO DE DADOS,3.3.90.39,1,RECURSO LIVRE - ADMINISTRAÇÃO DIRETA,798383.00,0.00,223134.10,0.00,0.00,0.00,0.00,0.00,1021517.10,1021517.10,1021517.10,0.00,0.00,0.00
2014,6,149,PORTO ALEGRE,54909,DEP. MUNICIPAL DE HABITAÇÃO-P.ALEGRE,128490,31,DEPARTAMENTO MUNICIPAL DE HABITAÇÃO,1,DEPARTAMENTO MUNICIPAL DE HABITAÇÃO,ATE,16,HABITAÇÃO,126,TECNOLOGIA DA INFORMAÇÃO,161,Gestão Total,2872,PROCESSAMENTO DE DADOS,3.3.90.92,1,RECURSO LIVRE - ADMINISTRAÇÃO DIRETA,1000.00,0.00,0.00,0.00,0.00,0.00,0.00,0.00,0.00,0.00,0.00,0.00,0.00,0.00
2014,6,149,PORTO ALEGRE,54909,DEP. MUNICIPAL DE HABITAÇÃO-P.ALEGRE,128490,31,DEPARTAMENTO MUNICIPAL DE HABITAÇÃO,1,DEPARTAMENTO MUNICIPAL DE HABITAÇÃO,ATE,16,HABITAÇÃO,126,TECNOLOGIA DA INFORMAÇÃO,161,Gestão Total,2872,PROCESSAMENTO DE DADOS,4.4.90.52,1,RECURSO LIVRE - ADMINISTRAÇÃO DIRETA,106950.00,0.00,0.00,0.00,0.00,0.00,0.00,0.00,62101.00,62101.00,62101.00,0.00,0.00,0.00
2014,6,149,PORTO ALEGRE,54909,DEP. MUNICIPAL DE HABITAÇÃO-P.ALEGRE,128490,31,DEPARTAMENTO MUNICIPAL DE HABITAÇÃO,1,DEPARTAMENTO MUNICIPAL DE HABITAÇÃO,ATE,16,HABITAÇÃO,271,PREVIDÊNCIA BÁSICA,162,Você Servidor,2678,OBRIGAÇÕES PATRONAIS - DEMHAB,3.1.90.13,1,RECURSO LIVRE - ADMINISTRAÇÃO DIRETA,1494418.00,0.00,0.00,0.00,0.00,0.00,0.00,0.00,1382828.15,1379698.70,1256503.41,0.00,0.00,0.00
2014,6,149,PORTO ALEGRE,54909,DEP. MUNICIPAL DE HABITAÇÃO-P.ALEGRE,128490,31,DEPARTAMENTO MUNICIPAL DE HABITAÇÃO,1,DEPARTAMENTO MUNICIPAL DE HABITAÇÃO,ATE,16,HABITAÇÃO,271,PREVIDÊNCIA BÁSICA,162,Você Servidor,2678,OBRIGAÇÕES PATRONAIS - DEMHAB,3.1.90.92,1,RECURSO LIVRE - ADMINISTRAÇÃO DIRETA,94415.00,0.00,0.00,0.00,0.00,0.00,0.00,0.00,0.00,0.00,0.00,0.00,0.00,0.00
2014,6,149,PORTO ALEGRE,54909,DEP. MUNICIPAL DE HABITAÇÃO-P.ALEGRE,128490,31,DEPARTAMENTO MUNICIPAL DE HABITAÇÃO,1,DEPARTAMENTO MUNICIPAL DE HABITAÇÃO,ATE,16,HABITAÇÃO,272,PREVIDÊNCIA DO REGIME ESTATUTÁRIO,162,Você Servidor,2679,OBRIGAÇÕES PATRONAIS PARA O RPPS - DEMHAB,3.1.91.13,1,RECURSO LIVRE - ADMINISTRAÇÃO DIRETA,6459871.00,0.00,0.00,0.00,0.00,0.00,0.00,0.00,6018370.55,6018370.55,6018370.55,0.00,0.00,0.00
2014,6,149,PORTO ALEGRE,54909,DEP. MUNICIPAL DE HABITAÇÃO-P.ALEGRE,128490,31,DEPARTAMENTO MUNICIPAL DE HABITAÇÃO,3,FUNDO MUNICIPAL DE HABITAÇÃO E INTERESSE SOCIAL - FMHIS,ATE,16,HABITAÇÃO,482,HABITAÇÃO URBANA,150,Cidade em Transformação,1216,INCENTIVO AO COOPERATIVISMO,4.4.90.51,1,RECURSO LIVRE - ADMINISTRAÇÃO DIRETA,7221000.00,0.00,0.00,0.00,0.00,6714739.16,200000.00,0.00,193705.82,93705.82,93705.82,0.00,0.00,0.00
2014,6,149,PORTO ALEGRE,54909,DEP. MUNICIPAL DE HABITAÇÃO-P.ALEGRE,128490,31,DEPARTAMENTO MUNICIPAL DE HABITAÇÃO,3,FUNDO MUNICIPAL DE HABITAÇÃO E INTERESSE SOCIAL - FMHIS,ATE,16,HABITAÇÃO,482,HABITAÇÃO URBANA,150,Cidade em Transformação,1216,INCENTIVO AO COOPERATIVISMO,4.4.90.51,7903,RECURSOS FUNDO MUNICIPAL DE HABITAÇÃO DE INTERESSE SOCIAL,1200000.00,0.00,0.00,0.00,0.00,0.00,0.00,65248.38,0.00,0.00,0.00,0.00,0.00,0.00
2014,6,149,PORTO ALEGRE,54909,DEP. MUNICIPAL DE HABITAÇÃO-P.ALEGRE,128490,31,DEPARTAMENTO MUNICIPAL DE HABITAÇÃO,3,FUNDO MUNICIPAL DE HABITAÇÃO E INTERESSE SOCIAL - FMHIS,ATE,16,HABITAÇÃO,482,HABITAÇÃO URBANA,150,Cidade em Transformação,1216,INCENTIVO AO COOPERATIVISMO,4.4.90.92,1,RECURSO LIVRE - ADMINISTRAÇÃO DIRETA,200000.00,0.00,0.00,0.00,0.00,0.00,0.00,200000.00,0.00,0.00,0.00,0.00,0.00,0.00
2014,6,149,PORTO ALEGRE,54909,DEP. MUNICIPAL DE HABITAÇÃO-P.ALEGRE,128490,31,DEPARTAMENTO MUNICIPAL DE HABITAÇÃO,3,FUNDO MUNICIPAL DE HABITAÇÃO E INTERESSE SOCIAL - FMHIS,ATE,16,HABITAÇÃO,482,HABITAÇÃO URBANA,150,Cidade em Transformação,1216,INCENTIVO AO COOPERATIVISMO,4.4.90.92,7903,RECURSOS FUNDO MUNICIPAL DE HABITAÇÃO DE INTERESSE SOCIAL,100000.00,0.00,0.00,0.00,0.00,0.00,65248.38,0.00,65248.38,65248.38,65248.38,0.00,0.00,0.00
2014,6,149,PORTO ALEGRE,54909,DEP. MUNICIPAL DE HABITAÇÃO-P.ALEGRE,128490,31,DEPARTAMENTO MUNICIPAL DE HABITAÇÃO,3,FUNDO MUNICIPAL DE HABITAÇÃO E INTERESSE SOCIAL - FMHIS,ATE,16,HABITAÇÃO,482,HABITAÇÃO URBANA,157,Porto da Inclusão,1217,REASSENTAMENTO,3.3.90.39,1,RECURSO LIVRE - ADMINISTRAÇÃO DIRETA,174648.00,0.00,1419626.24,0.00,0.00,1497609.18,0.00,7022.85,82206.44,74357.70,74357.70,0.00,0.00,0.00
2014,6,149,PORTO ALEGRE,54909,DEP. MUNICIPAL DE HABITAÇÃO-P.ALEGRE,128490,31,DEPARTAMENTO MUNICIPAL DE HABITAÇÃO,3,FUNDO MUNICIPAL DE HABITAÇÃO E INTERESSE SOCIAL - FMHIS,ATE,16,HABITAÇÃO,482,HABITAÇÃO URBANA,157,Porto da Inclusão,1217,REASSENTAMENTO,3.3.90.39,7903,RECURSOS FUNDO MUNICIPAL DE HABITAÇÃO DE INTERESSE SOCIAL,0.00,0.00,300000.00,0.00,0.00,0.00,1.00,0.50,276788.06,0.00,0.00,0.00,0.00,0.00
2014,6,149,PORTO ALEGRE,54909,DEP. MUNICIPAL DE HABITAÇÃO-P.ALEGRE,128490,31,DEPARTAMENTO MUNICIPAL DE HABITAÇÃO,3,FUNDO MUNICIPAL DE HABITAÇÃO E INTERESSE SOCIAL - FMHIS,ATE,16,HABITAÇÃO,482,HABITAÇÃO URBANA,157,Porto da Inclusão,1217,REASSENTAMENTO,3.3.90.48,7903,RECURSOS FUNDO MUNICIPAL DE HABITAÇÃO DE INTERESSE SOCIAL,0.00,0.00,0.00,0.00,0.00,0.00,0.50,0.00,0.00,0.00,0.00,0.00,0.00,0.00
2014,6,149,PORTO ALEGRE,54909,DEP. MUNICIPAL DE HABITAÇÃO-P.ALEGRE,128490,31,DEPARTAMENTO MUNICIPAL DE HABITAÇÃO,3,FUNDO MUNICIPAL DE HABITAÇÃO E INTERESSE SOCIAL - FMHIS,ATE,16,HABITAÇÃO,482,HABITAÇÃO URBANA,157,Porto da Inclusão,1217,REASSENTAMENTO,3.3.90.92,1,RECURSO LIVRE - ADMINISTRAÇÃO DIRETA,0.00,0.00,0.00,0.00,0.00,0.00,7022.85,0.00,7022.85,7022.85,7022.85,0.00,0.00,0.00
2014,6,149,PORTO ALEGRE,54909,DEP. MUNICIPAL DE HABITAÇÃO-P.ALEGRE,128490,31,DEPARTAMENTO MUNICIPAL DE HABITAÇÃO,3,FUNDO MUNICIPAL DE HABITAÇÃO E INTERESSE SOCIAL - FMHIS,ATE,16,HABITAÇÃO,482,HABITAÇÃO URBANA,157,Porto da Inclusão,1217,REASSENTAMENTO,3.3.90.93,1,RECURSO LIVRE - ADMINISTRAÇÃO DIRETA,2000.00,0.00,0.00,0.00,0.00,0.00,0.00,0.00,0.00,0.00,0.00,0.00,0.00,0.00
2014,6,149,PORTO ALEGRE,54909,DEP. MUNICIPAL DE HABITAÇÃO-P.ALEGRE,128490,31,DEPARTAMENTO MUNICIPAL DE HABITAÇÃO,3,FUNDO MUNICIPAL DE HABITAÇÃO E INTERESSE SOCIAL - FMHIS,ATE,16,HABITAÇÃO,482,HABITAÇÃO URBANA,157,Porto da Inclusão,1217,REASSENTAMENTO,3.3.90.93,7903,RECURSOS FUNDO MUNICIPAL DE HABITAÇÃO DE INTERESSE SOCIAL,2000.00,0.00,0.00,0.00,0.00,0.00,0.00,1.00,0.00,0.00,0.00,0.00,0.00,0.00
2014,6,149,PORTO ALEGRE,54909,DEP. MUNICIPAL DE HABITAÇÃO-P.ALEGRE,128490,31,DEPARTAMENTO MUNICIPAL DE HABITAÇÃO,3,FUNDO MUNICIPAL DE HABITAÇÃO E INTERESSE SOCIAL - FMHIS,ATE,16,HABITAÇÃO,482,HABITAÇÃO URBANA,157,Porto da Inclusão,1217,REASSENTAMENTO,4.4.90.35,1,RECURSO LIVRE - ADMINISTRAÇÃO DIRETA,0.00,0.00,0.00,0.00,0.00,1661331.00,1661331.00,0.00,0.00,0.00,0.00,0.00,0.00,0.00
2014,6,149,PORTO ALEGRE,54909,DEP. MUNICIPAL DE HABITAÇÃO-P.ALEGRE,128490,31,DEPARTAMENTO MUNICIPAL DE HABITAÇÃO,3,FUNDO MUNICIPAL DE HABITAÇÃO E INTERESSE SOCIAL - FMHIS,ATE,16,HABITAÇÃO,482,HABITAÇÃO URBANA,157,Porto da Inclusão,1217,REASSENTAMENTO,4.4.90.51,1,RECURSO LIVRE - ADMINISTRAÇÃO DIRETA,16556284.00,0.00,0.00,0.00,0.00,14269006.44,1082817.76,1616212.76,1607703.42,1381921.38,1249161.38,0.00,0.00,0.00
2014,6,149,PORTO ALEGRE,54909,DEP. MUNICIPAL DE HABITAÇÃO-P.ALEGRE,128490,31,DEPARTAMENTO MUNICIPAL DE HABITAÇÃO,3,FUNDO MUNICIPAL DE HABITAÇÃO E INTERESSE SOCIAL - FMHIS,ATE,16,HABITAÇÃO,482,HABITAÇÃO URBANA,157,Porto da Inclusão,1217,REASSENTAMENTO,4.4.90.51,7903,RECURSOS FUNDO MUNICIPAL DE HABITAÇÃO DE INTERESSE SOCIAL,1000000.00,0.00,631366.82,0.00,0.00,0.00,0.00,127184.07,996614.68,608439.46,608439.46,0.00,0.00,0.00
2014,6,149,PORTO ALEGRE,54909,DEP. MUNICIPAL DE HABITAÇÃO-P.ALEGRE,128490,31,DEPARTAMENTO MUNICIPAL DE HABITAÇÃO,3,FUNDO MUNICIPAL DE HABITAÇÃO E INTERESSE SOCIAL - FMHIS,ATE,16,HABITAÇÃO,482,HABITAÇÃO URBANA,157,Porto da Inclusão,1217,REASSENTAMENTO,4.4.90.61,1,RECURSO LIVRE - ADMINISTRAÇÃO DIRETA,5500000.00,0.00,0.00,0.00,0.00,3053716.34,1582817.76,2611917.76,0.00,0.00,0.00,0.00,0.00,0.00
2014,6,149,PORTO ALEGRE,54909,DEP. MUNICIPAL DE HABITAÇÃO-P.ALEGRE,128490,31,DEPARTAMENTO MUNICIPAL DE HABITAÇÃO,3,FUNDO MUNICIPAL DE HABITAÇÃO E INTERESSE SOCIAL - FMHIS,ATE,16,HABITAÇÃO,482,HABITAÇÃO URBANA,157,Porto da Inclusão,1217,REASSENTAMENTO,4.4.90.92,1,RECURSO LIVRE - ADMINISTRAÇÃO DIRETA,135000.00,0.00,0.00,0.00,0.00,0.00,33395.00,132231.00,36163.11,36163.11,36163.11,0.00,0.00,0.00
2014,6,149,PORTO ALEGRE,54909,DEP. MUNICIPAL DE HABITAÇÃO-P.ALEGRE,128490,31,DEPARTAMENTO MUNICIPAL DE HABITAÇÃO,3,FUNDO MUNICIPAL DE HABITAÇÃO E INTERESSE SOCIAL - FMHIS,ATE,16,HABITAÇÃO,482,HABITAÇÃO URBANA,157,Porto da Inclusão,1217,REASSENTAMENTO,4.4.90.92,7903,RECURSOS FUNDO MUNICIPAL DE HABITAÇÃO DE INTERESSE SOCIAL,0.00,0.00,0.00,0.00,0.00,0.00,127184.07,0.00,127184.07,127184.07,127184.07,0.00,0.00,0.00
2014,6,149,PORTO ALEGRE,54909,DEP. MUNICIPAL DE HABITAÇÃO-P.ALEGRE,128490,31,DEPARTAMENTO MUNICIPAL DE HABITAÇÃO,3,FUNDO MUNICIPAL DE HABITAÇÃO E INTERESSE SOCIAL - FMHIS,ATE,16,HABITAÇÃO,482,HABITAÇÃO URBANA,157,Porto da Inclusão,1218,"REGULARIZAÇÃO URBANÍSTICA, AMBIENTAL E FUNDIÁRIA - PRF",3.3.90.39,1,RECURSO LIVRE - ADMINISTRAÇÃO DIRETA,200000.00,0.00,0.00,0.00,0.00,200000.00,0.00,0.00,0.00,0.00,0.00,0.00,0.00,0.00
2014,6,149,PORTO ALEGRE,54909,DEP. MUNICIPAL DE HABITAÇÃO-P.ALEGRE,128490,31,DEPARTAMENTO MUNICIPAL DE HABITAÇÃO,3,FUNDO MUNICIPAL DE HABITAÇÃO E INTERESSE SOCIAL - FMHIS,ATE,16,HABITAÇÃO,482,HABITAÇÃO URBANA,157,Porto da Inclusão,1218,"REGULARIZAÇÃO URBANÍSTICA, AMBIENTAL E FUNDIÁRIA - PRF",3.3.90.39,7903,RECURSOS FUNDO MUNICIPAL DE HABITAÇÃO DE INTERESSE SOCIAL,882500.00,0.00,0.00,0.00,0.00,0.00,1.00,0.00,0.00,0.00,0.00,0.00,0.00,0.00
2014,6,149,PORTO ALEGRE,54909,DEP. MUNICIPAL DE HABITAÇÃO-P.ALEGRE,128490,31,DEPARTAMENTO MUNICIPAL DE HABITAÇÃO,3,FUNDO MUNICIPAL DE HABITAÇÃO E INTERESSE SOCIAL - FMHIS,ATE,16,HABITAÇÃO,482,HABITAÇÃO URBANA,157,Porto da Inclusão,1218,"REGULARIZAÇÃO URBANÍSTICA, AMBIENTAL E FUNDIÁRIA - PRF",3.3.90.92,1,RECURSO LIVRE - ADMINISTRAÇÃO DIRETA,10000.00,0.00,0.00,0.00,0.00,10000.00,0.00,0.00,0.00,0.00,0.00,0.00,0.00,0.00
2014,6,149,PORTO ALEGRE,54909,DEP. MUNICIPAL DE HABITAÇÃO-P.ALEGRE,128490,31,DEPARTAMENTO MUNICIPAL DE HABITAÇÃO,3,FUNDO MUNICIPAL DE HABITAÇÃO E INTERESSE SOCIAL - FMHIS,ATE,16,HABITAÇÃO,482,HABITAÇÃO URBANA,157,Porto da Inclusão,1218,"REGULARIZAÇÃO URBANÍSTICA, AMBIENTAL E FUNDIÁRIA - PRF",3.3.90.93,7903,RECURSOS FUNDO MUNICIPAL DE HABITAÇÃO DE INTERESSE SOCIAL,200000.00,0.00,0.00,0.00,0.00,0.00,0.00,1.00,0.00,0.00,0.00,0.00,0.00,0.00
2014,6,149,PORTO ALEGRE,54909,DEP. MUNICIPAL DE HABITAÇÃO-P.ALEGRE,128490,31,DEPARTAMENTO MUNICIPAL DE HABITAÇÃO,3,FUNDO MUNICIPAL DE HABITAÇÃO E INTERESSE SOCIAL - FMHIS,ATE,16,HABITAÇÃO,482,HABITAÇÃO URBANA,157,Porto da Inclusão,1218,"REGULARIZAÇÃO URBANÍSTICA, AMBIENTAL E FUNDIÁRIA - PRF",4.4.90.51,1,RECURSO LIVRE - ADMINISTRAÇÃO DIRETA,13159000.00,0.00,0.00,0.00,0.00,10813272.34,0.00,14465.14,534649.79,399828.48,323795.58,0.00,0.00,0.00
2014,6,149,PORTO ALEGRE,54909,DEP. MUNICIPAL DE HABITAÇÃO-P.ALEGRE,128490,31,DEPARTAMENTO MUNICIPAL DE HABITAÇÃO,3,FUNDO MUNICIPAL DE HABITAÇÃO E INTERESSE SOCIAL - FMHIS,ATE,16,HABITAÇÃO,482,HABITAÇÃO URBANA,157,Porto da Inclusão,1218,"REGULARIZAÇÃO URBANÍSTICA, AMBIENTAL E FUNDIÁRIA - PRF",4.4.90.51,7903,RECURSOS FUNDO MUNICIPAL DE HABITAÇÃO DE INTERESSE SOCIAL,5598500.00,0.00,0.00,0.00,0.00,0.00,0.00,38256.02,1377932.69,1222182.12,1222182.12,0.00,0.00,0.00
2014,6,149,PORTO ALEGRE,54909,DEP. MUNICIPAL DE HABITAÇÃO-P.ALEGRE,128490,31,DEPARTAMENTO MUNICIPAL DE HABITAÇÃO,3,FUNDO MUNICIPAL DE HABITAÇÃO E INTERESSE SOCIAL - FMHIS,ATE,16,HABITAÇÃO,482,HABITAÇÃO URBANA,157,Porto da Inclusão,1218,"REGULARIZAÇÃO URBANÍSTICA, AMBIENTAL E FUNDIÁRIA - PRF",4.4.90.92,1,RECURSO LIVRE - ADMINISTRAÇÃO DIRETA,0.00,0.00,0.00,0.00,0.00,0.00,14465.14,0.00,14465.14,14465.14,14465.14,0.00,0.00,0.00
2014,6,149,PORTO ALEGRE,54909,DEP. MUNICIPAL DE HABITAÇÃO-P.ALEGRE,128490,31,DEPARTAMENTO MUNICIPAL DE HABITAÇÃO,3,FUNDO MUNICIPAL DE HABITAÇÃO E INTERESSE SOCIAL - FMHIS,ATE,16,HABITAÇÃO,482,HABITAÇÃO URBANA,157,Porto da Inclusão,1218,"REGULARIZAÇÃO URBANÍSTICA, AMBIENTAL E FUNDIÁRIA - PRF",4.4.90.92,7903,RECURSOS FUNDO MUNICIPAL DE HABITAÇÃO DE INTERESSE SOCIAL,50000.00,0.00,0.00,0.00,0.00,0.00,38256.02,0.00,14942.42,14942.42,14942.42,0.00,0.00,0.00
2014,6,149,PORTO ALEGRE,54909,DEP. MUNICIPAL DE HABITAÇÃO-P.ALEGRE,128490,31,DEPARTAMENTO MUNICIPAL DE HABITAÇÃO,1,DEPARTAMENTO MUNICIPAL DE HABITAÇÃO,ATE,16,HABITAÇÃO,482,HABITAÇÃO URBANA,157,Porto da Inclusão,1219,HABITAÇÃO DE INTERESSE SOCIAL NA ÁREA DO SOCIOAMBIENTAL,4.4.90.51,1273,SOCIO AMBIENTAL,1800000.00,0.00,0.00,0.00,0.00,0.00,0.00,1.00,1142437.28,1142437.28,1046640.28,0.00,0.00,0.00
2014,6,149,PORTO ALEGRE,54909,DEP. MUNICIPAL DE HABITAÇÃO-P.ALEGRE,128490,31,DEPARTAMENTO MUNICIPAL DE HABITAÇÃO,1,DEPARTAMENTO MUNICIPAL DE HABITAÇÃO,ATE,16,HABITAÇÃO,482,HABITAÇÃO URBANA,157,Porto da Inclusão,1219,HABITAÇÃO DE INTERESSE SOCIAL NA ÁREA DO SOCIOAMBIENTAL,4.4.90.92,1273,SOCIO AMBIENTAL,700000.00,0.00,0.00,0.00,0.00,0.00,0.00,1.00,18352.28,18352.28,18352.28,0.00,0.00,0.00
2014,6,149,PORTO ALEGRE,54909,DEP. MUNICIPAL DE HABITAÇÃO-P.ALEGRE,128490,31,DEPARTAMENTO MUNICIPAL DE HABITAÇÃO,1,DEPARTAMENTO MUNICIPAL DE HABITAÇÃO,ATE,16,HABITAÇÃO,482,HABITAÇÃO URBANA,157,Porto da Inclusão,1219,HABITAÇÃO DE INTERESSE SOCIAL NA ÁREA DO SOCIOAMBIENTAL,4.4.90.93,1273,SOCIO AMBIENTAL,0.00,0.00,525000.00,0.00,0.00,0.00,2.00,0.00,234051.95,234051.95,234051.95,0.00,0.00,0.00
2014,6,149,PORTO ALEGRE,54909,DEP. MUNICIPAL DE HABITAÇÃO-P.ALEGRE,128490,31,DEPARTAMENTO MUNICIPAL DE HABITAÇÃO,3,FUNDO MUNICIPAL DE HABITAÇÃO E INTERESSE SOCIAL - FMHIS,ATE,16,HABITAÇÃO,482,HABITAÇÃO URBANA,157,Porto da Inclusão,1220,CASAS DE EMERGÊNCIA,4.4.90.51,1,RECURSO LIVRE - ADMINISTRAÇÃO DIRETA,500000.00,0.00,0.00,0.00,0.00,250000.00,0.00,250000.00,0.00,0.00,0.00,0.00,0.00,0.00
2014,6,149,PORTO ALEGRE,54909,DEP. MUNICIPAL DE HABITAÇÃO-P.ALEGRE,128490,31,DEPARTAMENTO MUNICIPAL DE HABITAÇÃO,3,FUNDO MUNICIPAL DE HABITAÇÃO E INTERESSE SOCIAL - FMHIS,ATE,16,HABITAÇÃO,482,HABITAÇÃO URBANA,157,Porto da Inclusão,1220,CASAS DE EMERGÊNCIA,4.4.90.51,7903,RECURSOS FUNDO MUNICIPAL DE HABITAÇÃO DE INTERESSE SOCIAL,2500000.00,0.00,0.00,0.00,0.00,0.00,250000.00,0.00,2726149.42,2726149.42,2726149.42,0.00,0.00,0.00
2014,6,149,PORTO ALEGRE,54909,DEP. MUNICIPAL DE HABITAÇÃO-P.ALEGRE,128490,31,DEPARTAMENTO MUNICIPAL DE HABITAÇÃO,1,DEPARTAMENTO MUNICIPAL DE HABITAÇÃO,ATE,16,HABITAÇÃO,482,HABITAÇÃO URBANA,157,Porto da Inclusão,1221,INTERVENÇÕES DE URBANIZAÇÃO NA ENTRADA DA CIDADE,4.4.90.51,1,RECURSO LIVRE - ADMINISTRAÇÃO DIRETA,6946390.00,0.00,0.00,0.00,0.00,4247157.40,0.00,100002.47,1238645.71,961774.61,961774.61,0.00,0.00,0.00
2014,6,149,PORTO ALEGRE,54909,DEP. MUNICIPAL DE HABITAÇÃO-P.ALEGRE,128490,31,DEPARTAMENTO MUNICIPAL DE HABITAÇÃO,1,DEPARTAMENTO MUNICIPAL DE HABITAÇÃO,ATE,16,HABITAÇÃO,482,HABITAÇÃO URBANA,157,Porto da Inclusão,1221,INTERVENÇÕES DE URBANIZAÇÃO NA ENTRADA DA CIDADE,4.4.90.51,2018,PROGRAMA INTEGRADO ENTRADA DA CIDADE - FONPLATA,8500000.00,0.00,0.00,0.00,0.00,0.00,0.00,0.00,0.00,0.00,0.00,0.00,0.00,0.00
2014,6,149,PORTO ALEGRE,54909,DEP. MUNICIPAL DE HABITAÇÃO-P.ALEGRE,128490,31,DEPARTAMENTO MUNICIPAL DE HABITAÇÃO,1,DEPARTAMENTO MUNICIPAL DE HABITAÇÃO,ATE,16,HABITAÇÃO,482,HABITAÇÃO URBANA,157,Porto da Inclusão,1221,INTERVENÇÕES DE URBANIZAÇÃO NA ENTRADA DA CIDADE,4.4.90.92,1,RECURSO LIVRE - ADMINISTRAÇÃO DIRETA,0.00,0.00,0.00,0.00,0.00,0.00,150717.26,0.00,150717.26,150717.26,150717.26,0.00,0.00,0.00
2014,6,149,PORTO ALEGRE,54909,DEP. MUNICIPAL DE HABITAÇÃO-P.ALEGRE,128490,31,DEPARTAMENTO MUNICIPAL DE HABITAÇÃO,1,DEPARTAMENTO MUNICIPAL DE HABITAÇÃO,ATE,16,HABITAÇÃO,482,HABITAÇÃO URBANA,157,Porto da Inclusão,1221,INTERVENÇÕES DE URBANIZAÇÃO NA ENTRADA DA CIDADE,4.4.90.93,1,RECURSO LIVRE - ADMINISTRAÇÃO DIRETA,1426000.00,0.00,0.00,0.00,0.00,1375000.00,0.00,50714.79,0.00,0.00,0.00,0.00,0.00,0.00
2014,6,149,PORTO ALEGRE,54909,DEP. MUNICIPAL DE HABITAÇÃO-P.ALEGRE,128490,31,DEPARTAMENTO MUNICIPAL DE HABITAÇÃO,3,FUNDO MUNICIPAL DE HABITAÇÃO E INTERESSE SOCIAL - FMHIS,ATE,16,HABITAÇÃO,482,HABITAÇÃO URBANA,157,Porto da Inclusão,1476,OBRAS HABITACIONAIS DO PROGRAMA DE ACELERAÇÃO DO CRESCIMENTO - COPA,3.3.90.39,1,RECURSO LIVRE - ADMINISTRAÇÃO DIRETA,1200000.00,0.00,1103496.76,0.00,0.00,15956.86,0.00,489001.00,1606039.48,1417226.30,1417226.30,0.00,0.00,0.00
2014,6,149,PORTO ALEGRE,54909,DEP. MUNICIPAL DE HABITAÇÃO-P.ALEGRE,128490,31,DEPARTAMENTO MUNICIPAL DE HABITAÇÃO,3,FUNDO MUNICIPAL DE HABITAÇÃO E INTERESSE SOCIAL - FMHIS,ATE,16,HABITAÇÃO,482,HABITAÇÃO URBANA,157,Porto da Inclusão,1476,OBRAS HABITACIONAIS DO PROGRAMA DE ACELERAÇÃO DO CRESCIMENTO - COPA,3.3.90.39,7903,RECURSOS FUNDO MUNICIPAL DE HABITAÇÃO DE INTERESSE SOCIAL,0.00,0.00,868999.00,0.00,0.00,0.00,1.00,489000.00,379823.41,379823.41,379823.41,0.00,0.00,0.00
2014,6,149,PORTO ALEGRE,54909,DEP. MUNICIPAL DE HABITAÇÃO-P.ALEGRE,128490,31,DEPARTAMENTO MUNICIPAL DE HABITAÇÃO,3,FUNDO MUNICIPAL DE HABITAÇÃO E INTERESSE SOCIAL - FMHIS,ATE,16,HABITAÇÃO,482,HABITAÇÃO URBANA,157,Porto da Inclusão,1476,OBRAS HABITACIONAIS DO PROGRAMA DE ACELERAÇÃO DO CRESCIMENTO - COPA,3.3.90.48,1,RECURSO LIVRE - ADMINISTRAÇÃO DIRETA,1152900.00,0.00,0.00,0.00,0.00,488999.00,489000.00,50001.00,1102155.84,1099155.84,1034985.84,0.00,0.00,0.00
2014,6,149,PORTO ALEGRE,54909,DEP. MUNICIPAL DE HABITAÇÃO-P.ALEGRE,128490,31,DEPARTAMENTO MUNICIPAL DE HABITAÇÃO,3,FUNDO MUNICIPAL DE HABITAÇÃO E INTERESSE SOCIAL - FMHIS,ATE,16,HABITAÇÃO,482,HABITAÇÃO URBANA,157,Porto da Inclusão,1476,OBRAS HABITACIONAIS DO PROGRAMA DE ACELERAÇÃO DO CRESCIMENTO - COPA,3.3.90.48,7903,RECURSOS FUNDO MUNICIPAL DE HABITAÇÃO DE INTERESSE SOCIAL,0.00,0.00,0.00,0.00,0.00,0.00,489001.00,0.00,130400.00,130400.00,86360.00,0.00,0.00,0.00
2014,6,149,PORTO ALEGRE,54909,DEP. MUNICIPAL DE HABITAÇÃO-P.ALEGRE,128490,31,DEPARTAMENTO MUNICIPAL DE HABITAÇÃO,3,FUNDO MUNICIPAL DE HABITAÇÃO E INTERESSE SOCIAL - FMHIS,ATE,16,HABITAÇÃO,482,HABITAÇÃO URBANA,157,Porto da Inclusão,1476,OBRAS HABITACIONAIS DO PROGRAMA DE ACELERAÇÃO DO CRESCIMENTO - COPA,3.3.90.92,1,RECURSO LIVRE - ADMINISTRAÇÃO DIRETA,0.00,0.00,0.00,0.00,0.00,0.00,50000.00,0.00,29600.00,29600.00,29600.00,0.00,0.00,0.00
2014,6,149,PORTO ALEGRE,54909,DEP. MUNICIPAL DE HABITAÇÃO-P.ALEGRE,128490,31,DEPARTAMENTO MUNICIPAL DE HABITAÇÃO,3,FUNDO MUNICIPAL DE HABITAÇÃO E INTERESSE SOCIAL - FMHIS,ATE,16,HABITAÇÃO,482,HABITAÇÃO URBANA,157,Porto da Inclusão,1476,OBRAS HABITACIONAIS DO PROGRAMA DE ACELERAÇÃO DO CRESCIMENTO - COPA,4.4.90.35,1,RECURSO LIVRE - ADMINISTRAÇÃO DIRETA,0.00,0.00,0.00,0.00,0.00,1441229.00,1441229.00,0.00,0.00,0.00,0.00,0.00,0.00,0.00
2014,6,149,PORTO ALEGRE,54909,DEP. MUNICIPAL DE HABITAÇÃO-P.ALEGRE,128490,31,DEPARTAMENTO MUNICIPAL DE HABITAÇÃO,3,FUNDO MUNICIPAL DE HABITAÇÃO E INTERESSE SOCIAL - FMHIS,ATE,16,HABITAÇÃO,482,HABITAÇÃO URBANA,157,Porto da Inclusão,1476,OBRAS HABITACIONAIS DO PROGRAMA DE ACELERAÇÃO DO CRESCIMENTO - COPA,4.4.90.51,1,RECURSO LIVRE - ADMINISTRAÇÃO DIRETA,8087400.00,0.00,0.00,0.00,0.00,2650235.60,0.00,4136330.41,557082.70,557082.70,557082.70,0.00,0.00,0.00
2014,6,149,PORTO ALEGRE,54909,DEP. MUNICIPAL DE HABITAÇÃO-P.ALEGRE,128490,31,DEPARTAMENTO MUNICIPAL DE HABITAÇÃO,3,FUNDO MUNICIPAL DE HABITAÇÃO E INTERESSE SOCIAL - FMHIS,ATE,16,HABITAÇÃO,482,HABITAÇÃO URBANA,157,Porto da Inclusão,1476,OBRAS HABITACIONAIS DO PROGRAMA DE ACELERAÇÃO DO CRESCIMENTO - COPA,4.4.90.51,1285,PROGRAMAS DE URBANIZAÇÃO - OPERAÇÃO DE CRÉDITO,734775.00,0.00,3245892.29,0.00,0.00,0.00,0.00,2700000.00,288179.33,288179.33,288179.33,0.00,0.00,0.00
2014,6,149,PORTO ALEGRE,54909,DEP. MUNICIPAL DE HABITAÇÃO-P.ALEGRE,128490,31,DEPARTAMENTO MUNICIPAL DE HABITAÇÃO,3,FUNDO MUNICIPAL DE HABITAÇÃO E INTERESSE SOCIAL - FMHIS,ATE,16,HABITAÇÃO,482,HABITAÇÃO URBANA,157,Porto da Inclusão,1476,OBRAS HABITACIONAIS DO PROGRAMA DE ACELERAÇÃO DO CRESCIMENTO - COPA,4.4.90.51,1308,PROGRAMAS DE URBANIZAÇÃO - EXCETO OPERAÇÃO DE CRÉDITO,430308.00,0.00,0.00,0.00,0.00,0.00,0.00,0.00,0.00,0.00,0.00,0.00,0.00,0.00
2014,6,149,PORTO ALEGRE,54909,DEP. MUNICIPAL DE HABITAÇÃO-P.ALEGRE,128490,31,DEPARTAMENTO MUNICIPAL DE HABITAÇÃO,3,FUNDO MUNICIPAL DE HABITAÇÃO E INTERESSE SOCIAL - FMHIS,ATE,16,HABITAÇÃO,482,HABITAÇÃO URBANA,157,Porto da Inclusão,1476,OBRAS HABITACIONAIS DO PROGRAMA DE ACELERAÇÃO DO CRESCIMENTO - COPA,4.4.90.51,7903,RECURSOS FUNDO MUNICIPAL DE HABITAÇÃO DE INTERESSE SOCIAL,0.00,0.00,0.00,0.00,0.00,0.00,1.00,0.00,0.00,0.00,0.00,0.00,0.00,0.00
2014,6,149,PORTO ALEGRE,54909,DEP. MUNICIPAL DE HABITAÇÃO-P.ALEGRE,128490,31,DEPARTAMENTO MUNICIPAL DE HABITAÇÃO,3,FUNDO MUNICIPAL DE HABITAÇÃO E INTERESSE SOCIAL - FMHIS,ATE,16,HABITAÇÃO,482,HABITAÇÃO URBANA,157,Porto da Inclusão,1476,OBRAS HABITACIONAIS DO PROGRAMA DE ACELERAÇÃO DO CRESCIMENTO - COPA,4.4.90.92,1,RECURSO LIVRE - ADMINISTRAÇÃO DIRETA,100000.00,0.00,0.00,0.00,0.00,2000000.00,2695100.41,0.00,574848.36,574848.36,574848.36,0.00,0.00,0.00
2014,6,149,PORTO ALEGRE,54909,DEP. MUNICIPAL DE HABITAÇÃO-P.ALEGRE,128490,31,DEPARTAMENTO MUNICIPAL DE HABITAÇÃO,3,FUNDO MUNICIPAL DE HABITAÇÃO E INTERESSE SOCIAL - FMHIS,ATE,16,HABITAÇÃO,482,HABITAÇÃO URBANA,157,Porto da Inclusão,1476,OBRAS HABITACIONAIS DO PROGRAMA DE ACELERAÇÃO DO CRESCIMENTO - COPA,4.4.90.92,1285,PROGRAMAS DE URBANIZAÇÃO - OPERAÇÃO DE CRÉDITO,0.00,0.00,0.00,0.00,0.00,0.00,2700000.00,0.00,2566467.67,2566467.67,2521727.70,0.00,0.00,0.00
2014,6,149,PORTO ALEGRE,54909,DEP. MUNICIPAL DE HABITAÇÃO-P.ALEGRE,128490,31,DEPARTAMENTO MUNICIPAL DE HABITAÇÃO,3,FUNDO MUNICIPAL DE HABITAÇÃO E INTERESSE SOCIAL - FMHIS,ATE,16,HABITAÇÃO,482,HABITAÇÃO URBANA,157,Porto da Inclusão,1476,OBRAS HABITACIONAIS DO PROGRAMA DE ACELERAÇÃO DO CRESCIMENTO - COPA,4.4.90.93,1,RECURSO LIVRE - ADMINISTRAÇÃO DIRETA,4200000.00,0.00,0.00,0.00,0.00,0.00,0.00,0.00,4159135.06,4159135.06,4159135.06,0.00,0.00,0.00
2014,6,149,PORTO ALEGRE,54909,DEP. MUNICIPAL DE HABITAÇÃO-P.ALEGRE,128490,31,DEPARTAMENTO MUNICIPAL DE HABITAÇÃO,3,FUNDO MUNICIPAL DE HABITAÇÃO E INTERESSE SOCIAL - FMHIS,ATE,16,HABITAÇÃO,482,HABITAÇÃO URBANA,157,Porto da Inclusão,1574,OBRAS HABITACIONAIS DO PROGRAMA DE ACELERAÇÃO DO CRESCIMENTO,4.4.90.51,1,RECURSO LIVRE - ADMINISTRAÇÃO DIRETA,646488.00,0.00,0.00,0.00,0.00,23257.00,0.00,1.00,323229.06,260984.96,259376.62,0.00,0.00,0.00
2014,6,149,PORTO ALEGRE,54909,DEP. MUNICIPAL DE HABITAÇÃO-P.ALEGRE,128490,31,DEPARTAMENTO MUNICIPAL DE HABITAÇÃO,3,FUNDO MUNICIPAL DE HABITAÇÃO E INTERESSE SOCIAL - FMHIS,ATE,16,HABITAÇÃO,482,HABITAÇÃO URBANA,157,Porto da Inclusão,1574,OBRAS HABITACIONAIS DO PROGRAMA DE ACELERAÇÃO DO CRESCIMENTO,4.4.90.51,1285,PROGRAMAS DE URBANIZAÇÃO - OPERAÇÃO DE CRÉDITO,3232443.00,0.00,2376618.57,0.00,0.00,0.00,0.00,0.00,2370144.67,2370144.67,2355669.57,0.00,0.00,0.00
2014,6,149,PORTO ALEGRE,54909,DEP. MUNICIPAL DE HABITAÇÃO-P.ALEGRE,128490,31,DEPARTAMENTO MUNICIPAL DE HABITAÇÃO,3,FUNDO MUNICIPAL DE HABITAÇÃO E INTERESSE SOCIAL - FMHIS,ATE,16,HABITAÇÃO,482,HABITAÇÃO URBANA,157,Porto da Inclusão,1574,OBRAS HABITACIONAIS DO PROGRAMA DE ACELERAÇÃO DO CRESCIMENTO,4.4.90.51,7903,RECURSOS FUNDO MUNICIPAL DE HABITAÇÃO DE INTERESSE SOCIAL,0.00,0.00,0.00,0.00,0.00,0.00,1.00,0.00,0.00,0.00,0.00,0.00,0.00,0.00
2014,6,149,PORTO ALEGRE,54909,DEP. MUNICIPAL DE HABITAÇÃO-P.ALEGRE,128490,31,DEPARTAMENTO MUNICIPAL DE HABITAÇÃO,3,FUNDO MUNICIPAL DE HABITAÇÃO E INTERESSE SOCIAL - FMHIS,ATE,16,HABITAÇÃO,482,HABITAÇÃO URBANA,157,Porto da Inclusão,1621,MINHA CASA MINHA VIDA,3.3.20.93,1,RECURSO LIVRE - ADMINISTRAÇÃO DIRETA,846054.00,0.00,0.00,0.00,0.00,846054.00,0.00,0.00,0.00,0.00,0.00,0.00,0.00,0.00
2014,6,149,PORTO ALEGRE,54909,DEP. MUNICIPAL DE HABITAÇÃO-P.ALEGRE,128490,31,DEPARTAMENTO MUNICIPAL DE HABITAÇÃO,3,FUNDO MUNICIPAL DE HABITAÇÃO E INTERESSE SOCIAL - FMHIS,ATE,16,HABITAÇÃO,482,HABITAÇÃO URBANA,157,Porto da Inclusão,1621,MINHA CASA MINHA VIDA,4.4.20.93,1,RECURSO LIVRE - ADMINISTRAÇÃO DIRETA,14115600.00,0.00,0.00,0.00,0.00,11496565.29,0.00,0.00,2619033.78,2619033.78,2619033.78,0.00,0.00,0.00
2014,6,149,PORTO ALEGRE,54909,DEP. MUNICIPAL DE HABITAÇÃO-P.ALEGRE,128490,31,DEPARTAMENTO MUNICIPAL DE HABITAÇÃO,1,DEPARTAMENTO MUNICIPAL DE HABITAÇÃO,ATE,16,HABITAÇÃO,482,HABITAÇÃO URBANA,157,Porto da Inclusão,1624,BÔNUS MORADIA,4.4.90.93,1,RECURSO LIVRE - ADMINISTRAÇÃO DIRETA,8556000.00,0.00,0.00,0.00,0.00,1299999.54,0.00,0.00,6329209.44,6329209.44,6168439.44,0.00,0.00,0.00
2014,6,149,PORTO ALEGRE,54909,DEP. MUNICIPAL DE HABITAÇÃO-P.ALEGRE,128490,31,DEPARTAMENTO MUNICIPAL DE HABITAÇÃO,1,DEPARTAMENTO MUNICIPAL DE HABITAÇÃO,ATE,16,HABITAÇÃO,482,HABITAÇÃO URBANA,157,Porto da Inclusão,1624,BÔNUS MORADIA,4.4.90.93,1273,SOCIO AMBIENTAL,3300000.00,0.00,1540000.00,0.00,0.00,0.00,0.00,0.00,3896427.56,3896427.56,3896427.56,0.00,0.00,0.00
2014,6,149,PORTO ALEGRE,54909,DEP. MUNICIPAL DE HABITAÇÃO-P.ALEGRE,128490,31,DEPARTAMENTO MUNICIPAL DE HABITAÇÃO,3,FUNDO MUNICIPAL DE HABITAÇÃO E INTERESSE SOCIAL - FMHIS,ATE,16,HABITAÇÃO,482,HABITAÇÃO URBANA,157,Porto da Inclusão,2703,ALUGUEL SOCIAL,3.3.90.48,1,RECURSO LIVRE - ADMINISTRAÇÃO DIRETA,3220264.00,0.00,2000000.00,0.00,0.00,0.00,0.00,50001.00,5144309.70,5130513.69,4652561.70,0.00,0.00,0.00
2014,6,149,PORTO ALEGRE,54909,DEP. MUNICIPAL DE HABITAÇÃO-P.ALEGRE,128490,31,DEPARTAMENTO MUNICIPAL DE HABITAÇÃO,3,FUNDO MUNICIPAL DE HABITAÇÃO E INTERESSE SOCIAL - FMHIS,ATE,16,HABITAÇÃO,482,HABITAÇÃO URBANA,157,Porto da Inclusão,2703,ALUGUEL SOCIAL,3.3.90.48,7903,RECURSOS FUNDO MUNICIPAL DE HABITAÇÃO DE INTERESSE SOCIAL,0.00,0.00,199999.00,0.00,0.00,0.00,1.00,0.00,0.00,0.00,0.00,0.00,0.00,0.00
2014,6,149,PORTO ALEGRE,54909,DEP. MUNICIPAL DE HABITAÇÃO-P.ALEGRE,128490,31,DEPARTAMENTO MUNICIPAL DE HABITAÇÃO,3,FUNDO MUNICIPAL DE HABITAÇÃO E INTERESSE SOCIAL - FMHIS,ATE,16,HABITAÇÃO,482,HABITAÇÃO URBANA,157,Porto da Inclusão,2703,ALUGUEL SOCIAL,3.3.90.92,1,RECURSO LIVRE - ADMINISTRAÇÃO DIRETA,0.00,0.00,0.00,0.00,0.00,0.00,50000.00,0.00,12126.00,12126.00,12126.00,0.00,0.00,0.00
2014,6,149,PORTO ALEGRE,54909,DEP. MUNICIPAL DE HABITAÇÃO-P.ALEGRE,128490,31,DEPARTAMENTO MUNICIPAL DE HABITAÇÃO,1,DEPARTAMENTO MUNICIPAL DE HABITAÇÃO,ATE,28,ENCARGOS ESPECIAIS,843,SERVIÇO DA DÍVIDA INTERNA,161,Gestão Total,9070,DÍVIDA INTERNA - DEMHAB,3.2.90.21,1,RECURSO LIVRE - ADMINISTRAÇÃO DIRETA,433220.00,0.00,0.00,0.00,0.00,363000.00,0.00,0.00,69338.91,69338.91,69338.91,0.00,0.00,0.00
2014,6,149,PORTO ALEGRE,54909,DEP. MUNICIPAL DE HABITAÇÃO-P.ALEGRE,128490,31,DEPARTAMENTO MUNICIPAL DE HABITAÇÃO,1,DEPARTAMENTO MUNICIPAL DE HABITAÇÃO,ATE,28,ENCARGOS ESPECIAIS,843,SERVIÇO DA DÍVIDA INTERNA,161,Gestão Total,9070,DÍVIDA INTERNA - DEMHAB,3.2.90.21,400,RECURSO LIVRE - ADMINISTRAÇÃO INDIRETA,2706806.00,0.00,0.00,0.00,0.00,79999.00,0.00,0.00,2401134.06,2401134.06,2401134.06,0.00,0.00,0.00
2014,6,149,PORTO ALEGRE,54909,DEP. MUNICIPAL DE HABITAÇÃO-P.ALEGRE,128490,31,DEPARTAMENTO MUNICIPAL DE HABITAÇÃO,1,DEPARTAMENTO MUNICIPAL DE HABITAÇÃO,ATE,28,ENCARGOS ESPECIAIS,843,SERVIÇO DA DÍVIDA INTERNA,161,Gestão Total,9070,DÍVIDA INTERNA - DEMHAB,3.2.90.22,400,RECURSO LIVRE - ADMINISTRAÇÃO INDIRETA,44200.00,0.00,0.00,0.00,0.00,0.00,0.00,0.00,27348.44,27348.44,27348.44,0.00,0.00,0.00
2014,6,149,PORTO ALEGRE,54909,DEP. MUNICIPAL DE HABITAÇÃO-P.ALEGRE,128490,31,DEPARTAMENTO MUNICIPAL DE HABITAÇÃO,1,DEPARTAMENTO MUNICIPAL DE HABITAÇÃO,ATE,28,ENCARGOS ESPECIAIS,843,SERVIÇO DA DÍVIDA INTERNA,161,Gestão Total,9070,DÍVIDA INTERNA - DEMHAB,4.6.90.71,1,RECURSO LIVRE - ADMINISTRAÇÃO DIRETA,8024797.00,0.00,0.00,0.00,0.00,367563.00,1000000.00,0.00,8647164.88,8647164.88,8647164.88,0.00,0.00,0.00
2014,6,149,PORTO ALEGRE,54909,DEP. MUNICIPAL DE HABITAÇÃO-P.ALEGRE,128490,31,DEPARTAMENTO MUNICIPAL DE HABITAÇÃO,1,DEPARTAMENTO MUNICIPAL DE HABITAÇÃO,ATE,28,ENCARGOS ESPECIAIS,843,SERVIÇO DA DÍVIDA INTERNA,161,Gestão Total,9070,DÍVIDA INTERNA - DEMHAB,4.6.90.71,400,RECURSO LIVRE - ADMINISTRAÇÃO INDIRETA,5441549.00,0.00,0.00,0.00,0.00,0.00,0.00,1000000.00,4245614.38,4245614.38,4245614.38,0.00,0.00,0.00
2014,6,149,PORTO ALEGRE,54909,DEP. MUNICIPAL DE HABITAÇÃO-P.ALEGRE,128490,31,DEPARTAMENTO MUNICIPAL DE HABITAÇÃO,1,DEPARTAMENTO MUNICIPAL DE HABITAÇÃO,ATE,28,ENCARGOS ESPECIAIS,843,SERVIÇO DA DÍVIDA INTERNA,161,Gestão Total,9070,DÍVIDA INTERNA - DEMHAB,4.6.91.71,1,RECURSO LIVRE - ADMINISTRAÇÃO DIRETA,54809.00,0.00,0.00,0.00,0.00,0.00,0.00,0.00,47795.73,47795.73,47795.73,0.00,0.00,0.00
2014,6,149,PORTO ALEGRE,54909,DEP. MUNICIPAL DE HABITAÇÃO-P.ALEGRE,128490,31,DEPARTAMENTO MUNICIPAL DE HABITAÇÃO,1,DEPARTAMENTO MUNICIPAL DE HABITAÇÃO,ATE,28,ENCARGOS ESPECIAIS,846,OUTROS ENCARGOS ESPECIAIS,161,Gestão Total,9068,ENCARGOS ESPECIAIS - DEMHAB,3.1.90.08,1,RECURSO LIVRE - ADMINISTRAÇÃO DIRETA,0.00,0.00,0.00,0.00,0.00,0.00,20000.00,0.00,0.00,0.00,0.00,0.00,0.00,0.00
2014,6,149,PORTO ALEGRE,54909,DEP. MUNICIPAL DE HABITAÇÃO-P.ALEGRE,128490,31,DEPARTAMENTO MUNICIPAL DE HABITAÇÃO,1,DEPARTAMENTO MUNICIPAL DE HABITAÇÃO,ATE,28,ENCARGOS ESPECIAIS,846,OUTROS ENCARGOS ESPECIAIS,161,Gestão Total,9068,ENCARGOS ESPECIAIS - DEMHAB,3.1.90.91,1,RECURSO LIVRE - ADMINISTRAÇÃO DIRETA,644000.00,0.00,0.00,0.00,0.00,0.00,0.00,82000.00,369599.86,369599.86,369599.86,0.00,0.00,0.00
2014,6,149,PORTO ALEGRE,54909,DEP. MUNICIPAL DE HABITAÇÃO-P.ALEGRE,128490,31,DEPARTAMENTO MUNICIPAL DE HABITAÇÃO,1,DEPARTAMENTO MUNICIPAL DE HABITAÇÃO,ATE,28,ENCARGOS ESPECIAIS,846,OUTROS ENCARGOS ESPECIAIS,161,Gestão Total,9068,ENCARGOS ESPECIAIS - DEMHAB,3.1.90.92,1,RECURSO LIVRE - ADMINISTRAÇÃO DIRETA,15000.00,0.00,0.00,0.00,0.00,0.00,82000.00,0.00,96580.86,96580.86,96580.86,0.00,0.00,0.00
2014,6,149,PORTO ALEGRE,54909,DEP. MUNICIPAL DE HABITAÇÃO-P.ALEGRE,128490,31,DEPARTAMENTO MUNICIPAL DE HABITAÇÃO,1,DEPARTAMENTO MUNICIPAL DE HABITAÇÃO,ATE,28,ENCARGOS ESPECIAIS,846,OUTROS ENCARGOS ESPECIAIS,161,Gestão Total,9068,ENCARGOS ESPECIAIS - DEMHAB,3.1.90.96,1,RECURSO LIVRE - ADMINISTRAÇÃO DIRETA,20000.00,0.00,0.00,0.00,0.00,0.00,0.00,20000.00,0.00,0.00,0.00,0.00,0.00,0.00
2014,6,149,PORTO ALEGRE,54909,DEP. MUNICIPAL DE HABITAÇÃO-P.ALEGRE,128490,31,DEPARTAMENTO MUNICIPAL DE HABITAÇÃO,1,DEPARTAMENTO MUNICIPAL DE HABITAÇÃO,ATE,28,ENCARGOS ESPECIAIS,846,OUTROS ENCARGOS ESPECIAIS,161,Gestão Total,9068,ENCARGOS ESPECIAIS - DEMHAB,3.3.20.93,1,RECURSO LIVRE - ADMINISTRAÇÃO DIRETA,1000.00,0.00,0.00,0.00,0.00,0.00,0.00,0.00,0.00,0.00,0.00,0.00,0.00,0.00
2014,6,149,PORTO ALEGRE,54909,DEP. MUNICIPAL DE HABITAÇÃO-P.ALEGRE,128490,31,DEPARTAMENTO MUNICIPAL DE HABITAÇÃO,1,DEPARTAMENTO MUNICIPAL DE HABITAÇÃO,ATE,28,ENCARGOS ESPECIAIS,846,OUTROS ENCARGOS ESPECIAIS,161,Gestão Total,9068,ENCARGOS ESPECIAIS - DEMHAB,3.3.90.08,1,RECURSO LIVRE - ADMINISTRAÇÃO DIRETA,50000.00,0.00,0.00,0.00,0.00,0.00,0.00,0.00,3028.79,3028.79,3028.79,0.00,0.00,0.00
2014,6,149,PORTO ALEGRE,54909,DEP. MUNICIPAL DE HABITAÇÃO-P.ALEGRE,128490,31,DEPARTAMENTO MUNICIPAL DE HABITAÇÃO,1,DEPARTAMENTO MUNICIPAL DE HABITAÇÃO,ATE,28,ENCARGOS ESPECIAIS,846,OUTROS ENCARGOS ESPECIAIS,161,Gestão Total,9068,ENCARGOS ESPECIAIS - DEMHAB,3.3.90.47,1,RECURSO LIVRE - ADMINISTRAÇÃO DIRETA,60000.00,0.00,0.00,0.00,0.00,0.00,65000.00,0.00,125000.00,107641.11,107641.11,0.00,0.00,0.00
2014,6,149,PORTO ALEGRE,54909,DEP. MUNICIPAL DE HABITAÇÃO-P.ALEGRE,128490,31,DEPARTAMENTO MUNICIPAL DE HABITAÇÃO,1,DEPARTAMENTO MUNICIPAL DE HABITAÇÃO,ATE,28,ENCARGOS ESPECIAIS,846,OUTROS ENCARGOS ESPECIAIS,161,Gestão Total,9068,ENCARGOS ESPECIAIS - DEMHAB,3.3.90.91,1,RECURSO LIVRE - ADMINISTRAÇÃO DIRETA,440000.00,0.00,0.00,0.00,0.00,0.00,0.00,80000.00,298097.30,298097.30,296024.98,0.00,0.00,0.00
2014,6,149,PORTO ALEGRE,54909,DEP. MUNICIPAL DE HABITAÇÃO-P.ALEGRE,128490,31,DEPARTAMENTO MUNICIPAL DE HABITAÇÃO,1,DEPARTAMENTO MUNICIPAL DE HABITAÇÃO,ATE,28,ENCARGOS ESPECIAIS,846,OUTROS ENCARGOS ESPECIAIS,161,Gestão Total,9068,ENCARGOS ESPECIAIS - DEMHAB,3.3.90.91,400,RECURSO LIVRE - ADMINISTRAÇÃO INDIRETA,0.00,0.00,0.00,0.00,0.00,0.00,5000.00,5000.00,0.00,0.00,0.00,0.00,0.00,0.00
2014,6,149,PORTO ALEGRE,54909,DEP. MUNICIPAL DE HABITAÇÃO-P.ALEGRE,128490,31,DEPARTAMENTO MUNICIPAL DE HABITAÇÃO,1,DEPARTAMENTO MUNICIPAL DE HABITAÇÃO,ATE,28,ENCARGOS ESPECIAIS,846,OUTROS ENCARGOS ESPECIAIS,161,Gestão Total,9068,ENCARGOS ESPECIAIS - DEMHAB,3.3.90.93,1,RECURSO LIVRE - ADMINISTRAÇÃO DIRETA,54000.00,0.00,0.00,0.00,0.00,0.00,10609.77,38322.53,22703.15,22703.15,22703.15,0.00,0.00,0.00
2014,6,149,PORTO ALEGRE,54909,DEP. MUNICIPAL DE HABITAÇÃO-P.ALEGRE,128490,31,DEPARTAMENTO MUNICIPAL DE HABITAÇÃO,1,DEPARTAMENTO MUNICIPAL DE HABITAÇÃO,ATE,28,ENCARGOS ESPECIAIS,846,OUTROS ENCARGOS ESPECIAIS,161,Gestão Total,9068,ENCARGOS ESPECIAIS - DEMHAB,3.3.90.93,400,RECURSO LIVRE - ADMINISTRAÇÃO INDIRETA,6000.00,0.00,669570.50,0.00,0.00,667570.50,43322.53,609.77,41031.25,41031.25,41031.25,0.00,0.00,0.00
2014,6,149,PORTO ALEGRE,54909,DEP. MUNICIPAL DE HABITAÇÃO-P.ALEGRE,128490,31,DEPARTAMENTO MUNICIPAL DE HABITAÇÃO,1,DEPARTAMENTO MUNICIPAL DE HABITAÇÃO,ATE,28,ENCARGOS ESPECIAIS,846,OUTROS ENCARGOS ESPECIAIS,161,Gestão Total,9068,ENCARGOS ESPECIAIS - DEMHAB,4.4.90.91,1,RECURSO LIVRE - ADMINISTRAÇÃO DIRETA,1045000.00,0.00,0.00,0.00,0.00,1045000.00,0.00,0.00,0.00,0.00,0.00,0.00,0.00,0.00
