ANO,MES,COD_MUNICIPIO,NOME_MUNICIPIO,CD_ORGAO,NOME_ORGAO,CD_RECEBIMENTO,CD_ORGAO_ORCAMENTARIO,NOME_ORGAO_ORCAMENTARIO,CD_UNIDADE_ORCAMENTARIA,NOME_UNIDADE,TP_UNIDADE,CD_CONTA_SG,DS_CONTA_SG,NIVEL,NR_NIVEL,CD_RECURSO,NM_RECURSO,CAR_PECULIAR,DS_CAR_PECULIAR,VL_ORCADO,VL_ARRECADADO
2019,12,149,PORTO ALEGRE,54909,DEP. MUNICIPAL DE HABITAÇÃO - PORTO ALEGRE,207922,31,DEPARTAMENTO MUNICIPAL DE HABITAÇÃO,1,DEPARTAMENTO MUNICIPAL DE HABITAÇÃO,ATE,1000000000000000000,Receitas Correntes,S,1,1,RECURSO LIVRE - ADMINISTRAÇÃO DIRETA,000,Não se Aplica,4948773.00,2028993.06
2019,12,149,PORTO ALEGRE,54909,DEP. MUNICIPAL DE HABITAÇÃO - PORTO ALEGRE,207922,31,DEPARTAMENTO MUNICIPAL DE HABITAÇÃO,1,DEPARTAMENTO MUNICIPAL DE HABITAÇÃO,ATE,1300000000000000000,Receita Patrimonial,S,2,1,RECURSO LIVRE - ADMINISTRAÇÃO DIRETA,000,Não se Aplica,1676778.00,1058524.39
2019,12,149,PORTO ALEGRE,54909,DEP. MUNICIPAL DE HABITAÇÃO - PORTO ALEGRE,207922,31,DEPARTAMENTO MUNICIPAL DE HABITAÇÃO,1,DEPARTAMENTO MUNICIPAL DE HABITAÇÃO,ATE,1310000000000000000,Exploração do Patrimônio Imobiliário do Estado,S,3,1,RECURSO LIVRE - ADMINISTRAÇÃO DIRETA,000,Não se Aplica,1566242.00,990254.73
2019,12,149,PORTO ALEGRE,54909,DEP. MUNICIPAL DE HABITAÇÃO - PORTO ALEGRE,207922,31,DEPARTAMENTO MUNICIPAL DE HABITAÇÃO,1,DEPARTAMENTO MUNICIPAL DE HABITAÇÃO,ATE,1310010000000000000,"Aluguéis, Arrendamentos, Foros, Laudêmios, Tarifas de Ocupação",S,5,1,RECURSO LIVRE - ADMINISTRAÇÃO DIRETA,000,Não se Aplica,1518272.00,971260.98
2019,12,149,PORTO ALEGRE,54909,DEP. MUNICIPAL DE HABITAÇÃO - PORTO ALEGRE,207922,31,DEPARTAMENTO MUNICIPAL DE HABITAÇÃO,1,DEPARTAMENTO MUNICIPAL DE HABITAÇÃO,ATE,1310012000000000000,"Foros, Laudêmios e Tarifas de Ocupação",S,6,1,RECURSO LIVRE - ADMINISTRAÇÃO DIRETA,000,Não se Aplica,1518272.00,971260.98
2019,12,149,PORTO ALEGRE,54909,DEP. MUNICIPAL DE HABITAÇÃO - PORTO ALEGRE,207922,31,DEPARTAMENTO MUNICIPAL DE HABITAÇÃO,1,DEPARTAMENTO MUNICIPAL DE HABITAÇÃO,ATE,1310012100000000000,"Foros, Laudêmios e Tarifas de Ocupação - Principal",S,7,1,RECURSO LIVRE - ADMINISTRAÇÃO DIRETA,000,Não se Aplica,1518272.00,971260.98
2019,12,149,PORTO ALEGRE,54909,DEP. MUNICIPAL DE HABITAÇÃO - PORTO ALEGRE,207922,31,DEPARTAMENTO MUNICIPAL DE HABITAÇÃO,1,DEPARTAMENTO MUNICIPAL DE HABITAÇÃO,ATE,1310012101000000000,"Foros, Laudêmios e Tarifas de Ocupação",S,8,1,RECURSO LIVRE - ADMINISTRAÇÃO DIRETA,000,Não se Aplica,1518272.00,971260.98
2019,12,149,PORTO ALEGRE,54909,DEP. MUNICIPAL DE HABITAÇÃO - PORTO ALEGRE,207922,31,DEPARTAMENTO MUNICIPAL DE HABITAÇÃO,1,DEPARTAMENTO MUNICIPAL DE HABITAÇÃO,ATE,1310012101030000000,Tarifas de Ocupação,S,9,1,RECURSO LIVRE - ADMINISTRAÇÃO DIRETA,000,Não se Aplica,1518272.00,971260.98
2019,12,149,PORTO ALEGRE,54909,DEP. MUNICIPAL DE HABITAÇÃO - PORTO ALEGRE,207922,31,DEPARTAMENTO MUNICIPAL DE HABITAÇÃO,1,DEPARTAMENTO MUNICIPAL DE HABITAÇÃO,ATE,1310012101039900000,Tarifa de Ocupação Direito Real de Uso - Diversas,S,10,1,RECURSO LIVRE - ADMINISTRAÇÃO DIRETA,000,Não se Aplica,1518272.00,971260.98
2019,12,149,PORTO ALEGRE,54909,DEP. MUNICIPAL DE HABITAÇÃO - PORTO ALEGRE,207922,31,DEPARTAMENTO MUNICIPAL DE HABITAÇÃO,1,DEPARTAMENTO MUNICIPAL DE HABITAÇÃO,ATE,1310012101039979030,Tarifa de Ocupação de Imovéis - CDRU/PRU - FMHIS,A,11,7903,RECURSOS FUNDO MUNICIPAL DE HABITAÇÃO DE INTERESSE SOCIAL,000,Não se Aplica,1518272.00,971260.98
2019,12,149,PORTO ALEGRE,54909,DEP. MUNICIPAL DE HABITAÇÃO - PORTO ALEGRE,207922,31,DEPARTAMENTO MUNICIPAL DE HABITAÇÃO,1,DEPARTAMENTO MUNICIPAL DE HABITAÇÃO,ATE,1310020000000000000,"Conc., Permissão, Autor. ou Cessão do Dir. de Uso de Bens Imov. Púb.",S,5,1,RECURSO LIVRE - ADMINISTRAÇÃO DIRETA,000,Não se Aplica,47970.00,18993.75
2019,12,149,PORTO ALEGRE,54909,DEP. MUNICIPAL DE HABITAÇÃO - PORTO ALEGRE,207922,31,DEPARTAMENTO MUNICIPAL DE HABITAÇÃO,1,DEPARTAMENTO MUNICIPAL DE HABITAÇÃO,ATE,1310021000000000000,"Conc., Permissão, Autor. ou Cessão do Dir. de Uso de Bens Imov. Púb.",S,6,1,RECURSO LIVRE - ADMINISTRAÇÃO DIRETA,000,Não se Aplica,47970.00,18993.75
2019,12,149,PORTO ALEGRE,54909,DEP. MUNICIPAL DE HABITAÇÃO - PORTO ALEGRE,207922,31,DEPARTAMENTO MUNICIPAL DE HABITAÇÃO,1,DEPARTAMENTO MUNICIPAL DE HABITAÇÃO,ATE,1310021100000000000,Conc. Perm. Aut. Cessão Dir. Uso Bens Imóv. Púb. - Principal,S,7,1,RECURSO LIVRE - ADMINISTRAÇÃO DIRETA,000,Não se Aplica,47970.00,18993.75
2019,12,149,PORTO ALEGRE,54909,DEP. MUNICIPAL DE HABITAÇÃO - PORTO ALEGRE,207922,31,DEPARTAMENTO MUNICIPAL DE HABITAÇÃO,1,DEPARTAMENTO MUNICIPAL DE HABITAÇÃO,ATE,1310021101000000000,Conc. Perm. Aut. Cessão Dir. Uso Bens Imóv. Públicos,S,8,1,RECURSO LIVRE - ADMINISTRAÇÃO DIRETA,000,Não se Aplica,47970.00,18993.75
2019,12,149,PORTO ALEGRE,54909,DEP. MUNICIPAL DE HABITAÇÃO - PORTO ALEGRE,207922,31,DEPARTAMENTO MUNICIPAL DE HABITAÇÃO,1,DEPARTAMENTO MUNICIPAL DE HABITAÇÃO,ATE,1310021101020000000,Permissão do Direito de Uso de Bens Imóveis Públicos - Principal,S,9,1,RECURSO LIVRE - ADMINISTRAÇÃO DIRETA,000,Não se Aplica,47970.00,18993.75
2019,12,149,PORTO ALEGRE,54909,DEP. MUNICIPAL DE HABITAÇÃO - PORTO ALEGRE,207922,31,DEPARTAMENTO MUNICIPAL DE HABITAÇÃO,1,DEPARTAMENTO MUNICIPAL DE HABITAÇÃO,ATE,1310021101029900000,Permissão do Direito de Uso de Bens Imóveis Públicos - Diversas,S,10,1,RECURSO LIVRE - ADMINISTRAÇÃO DIRETA,000,Não se Aplica,47970.00,18993.75
2019,12,149,PORTO ALEGRE,54909,DEP. MUNICIPAL DE HABITAÇÃO - PORTO ALEGRE,207922,31,DEPARTAMENTO MUNICIPAL DE HABITAÇÃO,1,DEPARTAMENTO MUNICIPAL DE HABITAÇÃO,ATE,1310021101029904000,Permissão de Uso de Bancas - Adm. Indireta,A,11,400,RECURSO LIVRE - ADMINISTRAÇÃO INDIRETA,000,Não se Aplica,47970.00,18993.75
2019,12,149,PORTO ALEGRE,54909,DEP. MUNICIPAL DE HABITAÇÃO - PORTO ALEGRE,207922,31,DEPARTAMENTO MUNICIPAL DE HABITAÇÃO,1,DEPARTAMENTO MUNICIPAL DE HABITAÇÃO,ATE,1320000000000000000,Valores Mobiliários,S,3,1,RECURSO LIVRE - ADMINISTRAÇÃO DIRETA,000,Não se Aplica,110536.00,68269.66
2019,12,149,PORTO ALEGRE,54909,DEP. MUNICIPAL DE HABITAÇÃO - PORTO ALEGRE,207922,31,DEPARTAMENTO MUNICIPAL DE HABITAÇÃO,1,DEPARTAMENTO MUNICIPAL DE HABITAÇÃO,ATE,1321000000000000000,Juros e Correções Monetárias,S,4,1,RECURSO LIVRE - ADMINISTRAÇÃO DIRETA,000,Não se Aplica,110536.00,68269.66
2019,12,149,PORTO ALEGRE,54909,DEP. MUNICIPAL DE HABITAÇÃO - PORTO ALEGRE,207922,31,DEPARTAMENTO MUNICIPAL DE HABITAÇÃO,1,DEPARTAMENTO MUNICIPAL DE HABITAÇÃO,ATE,1321001000000000000,Remuneração de Depósitos Bancários,S,6,1,RECURSO LIVRE - ADMINISTRAÇÃO DIRETA,000,Não se Aplica,110536.00,68269.66
2019,12,149,PORTO ALEGRE,54909,DEP. MUNICIPAL DE HABITAÇÃO - PORTO ALEGRE,207922,31,DEPARTAMENTO MUNICIPAL DE HABITAÇÃO,1,DEPARTAMENTO MUNICIPAL DE HABITAÇÃO,ATE,1321001100000000000,Remuneração de Depósitos Bancários - Principal,S,7,1,RECURSO LIVRE - ADMINISTRAÇÃO DIRETA,000,Não se Aplica,110536.00,68269.66
2019,12,149,PORTO ALEGRE,54909,DEP. MUNICIPAL DE HABITAÇÃO - PORTO ALEGRE,207922,31,DEPARTAMENTO MUNICIPAL DE HABITAÇÃO,1,DEPARTAMENTO MUNICIPAL DE HABITAÇÃO,ATE,1321001101000000000,Remuneração de Depósitos Bancários de Recursos Vinculados - Principal,S,8,1,RECURSO LIVRE - ADMINISTRAÇÃO DIRETA,000,Não se Aplica,53682.00,35031.46
2019,12,149,PORTO ALEGRE,54909,DEP. MUNICIPAL DE HABITAÇÃO - PORTO ALEGRE,207922,31,DEPARTAMENTO MUNICIPAL DE HABITAÇÃO,1,DEPARTAMENTO MUNICIPAL DE HABITAÇÃO,ATE,1321001101990000000,Remun. de Outros Depósitos Banc. de Recursos Vinculados - Principal,S,9,1,RECURSO LIVRE - ADMINISTRAÇÃO DIRETA,000,Não se Aplica,53682.00,35031.46
2019,12,149,PORTO ALEGRE,54909,DEP. MUNICIPAL DE HABITAÇÃO - PORTO ALEGRE,207922,31,DEPARTAMENTO MUNICIPAL DE HABITAÇÃO,1,DEPARTAMENTO MUNICIPAL DE HABITAÇÃO,ATE,1321001101990100000,Remun. de Outros Depósitos Banc. de Recursos Vinculados,S,10,1,RECURSO LIVRE - ADMINISTRAÇÃO DIRETA,000,Não se Aplica,53682.00,35031.46
2019,12,149,PORTO ALEGRE,54909,DEP. MUNICIPAL DE HABITAÇÃO - PORTO ALEGRE,207922,31,DEPARTAMENTO MUNICIPAL DE HABITAÇÃO,1,DEPARTAMENTO MUNICIPAL DE HABITAÇÃO,ATE,1321001101990110880,FINANCIAMENTO DA CONTRAPARTIDA DO PAC/COPA,A,11,1088,FINANCIAMENTO DA CONTRAPARTIDA DO PAC/COPA,000,Não se Aplica,0.00,775.13
2019,12,149,PORTO ALEGRE,54909,DEP. MUNICIPAL DE HABITAÇÃO - PORTO ALEGRE,207922,31,DEPARTAMENTO MUNICIPAL DE HABITAÇÃO,1,DEPARTAMENTO MUNICIPAL DE HABITAÇÃO,ATE,1321001101990179030,Remuneração de Depósitos - FMHIS,A,11,7903,RECURSOS FUNDO MUNICIPAL DE HABITAÇÃO DE INTERESSE SOCIAL,000,Não se Aplica,53682.00,34256.33
2019,12,149,PORTO ALEGRE,54909,DEP. MUNICIPAL DE HABITAÇÃO - PORTO ALEGRE,207922,31,DEPARTAMENTO MUNICIPAL DE HABITAÇÃO,1,DEPARTAMENTO MUNICIPAL DE HABITAÇÃO,ATE,1321001102000000000,Remuneração de Depósitos de Recursos Não Vinculados - Principal,S,8,1,RECURSO LIVRE - ADMINISTRAÇÃO DIRETA,000,Não se Aplica,56854.00,33238.20
2019,12,149,PORTO ALEGRE,54909,DEP. MUNICIPAL DE HABITAÇÃO - PORTO ALEGRE,207922,31,DEPARTAMENTO MUNICIPAL DE HABITAÇÃO,1,DEPARTAMENTO MUNICIPAL DE HABITAÇÃO,ATE,1321001102990000000,Rem. de Outros Dep. Banc. de Rec. Não Vinc. - Principal,S,9,1,RECURSO LIVRE - ADMINISTRAÇÃO DIRETA,000,Não se Aplica,56854.00,33238.20
2019,12,149,PORTO ALEGRE,54909,DEP. MUNICIPAL DE HABITAÇÃO - PORTO ALEGRE,207922,31,DEPARTAMENTO MUNICIPAL DE HABITAÇÃO,1,DEPARTAMENTO MUNICIPAL DE HABITAÇÃO,ATE,1321001102990100000,Rem. de Outros Dep. Banc. de Rec. Não Vinculados,S,10,1,RECURSO LIVRE - ADMINISTRAÇÃO DIRETA,000,Não se Aplica,56854.00,33238.20
2019,12,149,PORTO ALEGRE,54909,DEP. MUNICIPAL DE HABITAÇÃO - PORTO ALEGRE,207922,31,DEPARTAMENTO MUNICIPAL DE HABITAÇÃO,1,DEPARTAMENTO MUNICIPAL DE HABITAÇÃO,ATE,1321001102990100010,Remuneração de Recursos Não Vinculados - Adm. Direta,A,11,1,RECURSO LIVRE - ADMINISTRAÇÃO DIRETA,000,Não se Aplica,0.00,4143.22
2019,12,149,PORTO ALEGRE,54909,DEP. MUNICIPAL DE HABITAÇÃO - PORTO ALEGRE,207922,31,DEPARTAMENTO MUNICIPAL DE HABITAÇÃO,1,DEPARTAMENTO MUNICIPAL DE HABITAÇÃO,ATE,1321001102990104000,Remuneração de Recursos Não Vinculados - Adm. Indireta,A,11,400,RECURSO LIVRE - ADMINISTRAÇÃO INDIRETA,000,Não se Aplica,56854.00,29094.98
2019,12,149,PORTO ALEGRE,54909,DEP. MUNICIPAL DE HABITAÇÃO - PORTO ALEGRE,207922,31,DEPARTAMENTO MUNICIPAL DE HABITAÇÃO,1,DEPARTAMENTO MUNICIPAL DE HABITAÇÃO,ATE,1600000000000000000,Receita de Serviços,S,2,1,RECURSO LIVRE - ADMINISTRAÇÃO DIRETA,000,Não se Aplica,698612.00,661329.09
2019,12,149,PORTO ALEGRE,54909,DEP. MUNICIPAL DE HABITAÇÃO - PORTO ALEGRE,207922,31,DEPARTAMENTO MUNICIPAL DE HABITAÇÃO,1,DEPARTAMENTO MUNICIPAL DE HABITAÇÃO,ATE,1610000000000000000,Serviços Administrativos e Comerciais Gerais,S,3,1,RECURSO LIVRE - ADMINISTRAÇÃO DIRETA,000,Não se Aplica,3117.00,951.30
2019,12,149,PORTO ALEGRE,54909,DEP. MUNICIPAL DE HABITAÇÃO - PORTO ALEGRE,207922,31,DEPARTAMENTO MUNICIPAL DE HABITAÇÃO,1,DEPARTAMENTO MUNICIPAL DE HABITAÇÃO,ATE,1610010000000000000,Serviços Administrativos e Comerciais Gerais,S,5,1,RECURSO LIVRE - ADMINISTRAÇÃO DIRETA,000,Não se Aplica,3117.00,951.30
2019,12,149,PORTO ALEGRE,54909,DEP. MUNICIPAL DE HABITAÇÃO - PORTO ALEGRE,207922,31,DEPARTAMENTO MUNICIPAL DE HABITAÇÃO,1,DEPARTAMENTO MUNICIPAL DE HABITAÇÃO,ATE,1610011000000000000,Serviços Administrativos e Comerciais Gerais,S,6,1,RECURSO LIVRE - ADMINISTRAÇÃO DIRETA,000,Não se Aplica,3117.00,951.30
2019,12,149,PORTO ALEGRE,54909,DEP. MUNICIPAL DE HABITAÇÃO - PORTO ALEGRE,207922,31,DEPARTAMENTO MUNICIPAL DE HABITAÇÃO,1,DEPARTAMENTO MUNICIPAL DE HABITAÇÃO,ATE,1610011100000000000,Serviços Administrativos e Comerciais Gerais - Principal,S,7,1,RECURSO LIVRE - ADMINISTRAÇÃO DIRETA,000,Não se Aplica,1000.00,12.79
2019,12,149,PORTO ALEGRE,54909,DEP. MUNICIPAL DE HABITAÇÃO - PORTO ALEGRE,207922,31,DEPARTAMENTO MUNICIPAL DE HABITAÇÃO,1,DEPARTAMENTO MUNICIPAL DE HABITAÇÃO,ATE,1610011101000000000,Serviços Administrativos e Comerciais Gerais,S,8,1,RECURSO LIVRE - ADMINISTRAÇÃO DIRETA,000,Não se Aplica,1000.00,12.79
2019,12,149,PORTO ALEGRE,54909,DEP. MUNICIPAL DE HABITAÇÃO - PORTO ALEGRE,207922,31,DEPARTAMENTO MUNICIPAL DE HABITAÇÃO,1,DEPARTAMENTO MUNICIPAL DE HABITAÇÃO,ATE,1610011101310000000,Serviços Prestados/Exclusivos do DEMHAB,S,9,1,RECURSO LIVRE - ADMINISTRAÇÃO DIRETA,000,Não se Aplica,1000.00,12.79
2019,12,149,PORTO ALEGRE,54909,DEP. MUNICIPAL DE HABITAÇÃO - PORTO ALEGRE,207922,31,DEPARTAMENTO MUNICIPAL DE HABITAÇÃO,1,DEPARTAMENTO MUNICIPAL DE HABITAÇÃO,ATE,1610011101310100000,Apoio Comunitário,S,10,1,RECURSO LIVRE - ADMINISTRAÇÃO DIRETA,000,Não se Aplica,0.00,12.44
2019,12,149,PORTO ALEGRE,54909,DEP. MUNICIPAL DE HABITAÇÃO - PORTO ALEGRE,207922,31,DEPARTAMENTO MUNICIPAL DE HABITAÇÃO,1,DEPARTAMENTO MUNICIPAL DE HABITAÇÃO,ATE,1610011101310104000,Tarifa de Apoio Comunitário - Adm. Indireta,A,11,400,RECURSO LIVRE - ADMINISTRAÇÃO INDIRETA,000,Não se Aplica,0.00,12.44
2019,12,149,PORTO ALEGRE,54909,DEP. MUNICIPAL DE HABITAÇÃO - PORTO ALEGRE,207922,31,DEPARTAMENTO MUNICIPAL DE HABITAÇÃO,1,DEPARTAMENTO MUNICIPAL DE HABITAÇÃO,ATE,1610011101310200000,Cobrança Administrativa,S,10,1,RECURSO LIVRE - ADMINISTRAÇÃO DIRETA,000,Não se Aplica,1000.00,0.35
2019,12,149,PORTO ALEGRE,54909,DEP. MUNICIPAL DE HABITAÇÃO - PORTO ALEGRE,207922,31,DEPARTAMENTO MUNICIPAL DE HABITAÇÃO,1,DEPARTAMENTO MUNICIPAL DE HABITAÇÃO,ATE,1610011101310204000,Tarifa de Cobrança Administrativa - Adm. Indireta,A,11,400,RECURSO LIVRE - ADMINISTRAÇÃO INDIRETA,000,Não se Aplica,1000.00,0.35
2019,12,149,PORTO ALEGRE,54909,DEP. MUNICIPAL DE HABITAÇÃO - PORTO ALEGRE,207922,31,DEPARTAMENTO MUNICIPAL DE HABITAÇÃO,1,DEPARTAMENTO MUNICIPAL DE HABITAÇÃO,ATE,1610011300000000000,Serviços Administrativos e Comerciais Gerais - Dívida Ativa,S,7,1,RECURSO LIVRE - ADMINISTRAÇÃO DIRETA,000,Não se Aplica,2117.00,938.51
2019,12,149,PORTO ALEGRE,54909,DEP. MUNICIPAL DE HABITAÇÃO - PORTO ALEGRE,207922,31,DEPARTAMENTO MUNICIPAL DE HABITAÇÃO,1,DEPARTAMENTO MUNICIPAL DE HABITAÇÃO,ATE,1610011301000000000,Serviços Administrativos e Comerciais Gerais - Dívida Ativa,S,8,1,RECURSO LIVRE - ADMINISTRAÇÃO DIRETA,000,Não se Aplica,2117.00,938.51
2019,12,149,PORTO ALEGRE,54909,DEP. MUNICIPAL DE HABITAÇÃO - PORTO ALEGRE,207922,31,DEPARTAMENTO MUNICIPAL DE HABITAÇÃO,1,DEPARTAMENTO MUNICIPAL DE HABITAÇÃO,ATE,1610011301310000000,Serviços Exclusivos do DEMHAB - Dívida Ativa,S,9,1,RECURSO LIVRE - ADMINISTRAÇÃO DIRETA,000,Não se Aplica,2117.00,938.51
2019,12,149,PORTO ALEGRE,54909,DEP. MUNICIPAL DE HABITAÇÃO - PORTO ALEGRE,207922,31,DEPARTAMENTO MUNICIPAL DE HABITAÇÃO,1,DEPARTAMENTO MUNICIPAL DE HABITAÇÃO,ATE,1610011301310100000,Apoio Comunitário - Dívida Ativa,S,10,1,RECURSO LIVRE - ADMINISTRAÇÃO DIRETA,000,Não se Aplica,351.00,301.32
2019,12,149,PORTO ALEGRE,54909,DEP. MUNICIPAL DE HABITAÇÃO - PORTO ALEGRE,207922,31,DEPARTAMENTO MUNICIPAL DE HABITAÇÃO,1,DEPARTAMENTO MUNICIPAL DE HABITAÇÃO,ATE,1610011301310104000,Apoio Comunitário - Dívida Ativa - Adm. Indireta,A,11,400,RECURSO LIVRE - ADMINISTRAÇÃO INDIRETA,000,Não se Aplica,351.00,301.32
2019,12,149,PORTO ALEGRE,54909,DEP. MUNICIPAL DE HABITAÇÃO - PORTO ALEGRE,207922,31,DEPARTAMENTO MUNICIPAL DE HABITAÇÃO,1,DEPARTAMENTO MUNICIPAL DE HABITAÇÃO,ATE,1610011301310200000,Cobrança Administrativa - Dívida Ativa,S,10,1,RECURSO LIVRE - ADMINISTRAÇÃO DIRETA,000,Não se Aplica,1766.00,637.19
2019,12,149,PORTO ALEGRE,54909,DEP. MUNICIPAL DE HABITAÇÃO - PORTO ALEGRE,207922,31,DEPARTAMENTO MUNICIPAL DE HABITAÇÃO,1,DEPARTAMENTO MUNICIPAL DE HABITAÇÃO,ATE,1610011301310204000,Cobrança Administrativa - Dívida Ativa - Adm. Indireta,A,11,400,RECURSO LIVRE - ADMINISTRAÇÃO INDIRETA,000,Não se Aplica,1766.00,637.19
2019,12,149,PORTO ALEGRE,54909,DEP. MUNICIPAL DE HABITAÇÃO - PORTO ALEGRE,207922,31,DEPARTAMENTO MUNICIPAL DE HABITAÇÃO,1,DEPARTAMENTO MUNICIPAL DE HABITAÇÃO,ATE,1640000000000000000,Serviços e Atividades Financeiras,S,3,1,RECURSO LIVRE - ADMINISTRAÇÃO DIRETA,000,Não se Aplica,658005.00,657670.69
2019,12,149,PORTO ALEGRE,54909,DEP. MUNICIPAL DE HABITAÇÃO - PORTO ALEGRE,207922,31,DEPARTAMENTO MUNICIPAL DE HABITAÇÃO,1,DEPARTAMENTO MUNICIPAL DE HABITAÇÃO,ATE,1640010000000000000,"Retorno de Operações, Juros e Encargos Financeiros",S,5,1,RECURSO LIVRE - ADMINISTRAÇÃO DIRETA,000,Não se Aplica,658005.00,657670.69
2019,12,149,PORTO ALEGRE,54909,DEP. MUNICIPAL DE HABITAÇÃO - PORTO ALEGRE,207922,31,DEPARTAMENTO MUNICIPAL DE HABITAÇÃO,1,DEPARTAMENTO MUNICIPAL DE HABITAÇÃO,ATE,1640011000000000000,"Retorno de Operações, Juros e Encargos Financeiros",S,6,1,RECURSO LIVRE - ADMINISTRAÇÃO DIRETA,000,Não se Aplica,658005.00,657670.69
2019,12,149,PORTO ALEGRE,54909,DEP. MUNICIPAL DE HABITAÇÃO - PORTO ALEGRE,207922,31,DEPARTAMENTO MUNICIPAL DE HABITAÇÃO,1,DEPARTAMENTO MUNICIPAL DE HABITAÇÃO,ATE,1640011100000000000,"Retorno de Operações, Juros e Encargos Financeiros - Principal",S,7,1,RECURSO LIVRE - ADMINISTRAÇÃO DIRETA,000,Não se Aplica,658005.00,580268.54
2019,12,149,PORTO ALEGRE,54909,DEP. MUNICIPAL DE HABITAÇÃO - PORTO ALEGRE,207922,31,DEPARTAMENTO MUNICIPAL DE HABITAÇÃO,1,DEPARTAMENTO MUNICIPAL DE HABITAÇÃO,ATE,1640011101000000000,Serviços de Juros de Empréstimos,S,8,1,RECURSO LIVRE - ADMINISTRAÇÃO DIRETA,000,Não se Aplica,658005.00,580268.54
2019,12,149,PORTO ALEGRE,54909,DEP. MUNICIPAL DE HABITAÇÃO - PORTO ALEGRE,207922,31,DEPARTAMENTO MUNICIPAL DE HABITAÇÃO,1,DEPARTAMENTO MUNICIPAL DE HABITAÇÃO,ATE,1640011101010000000,Serviços de Juros de Empréstimos,S,9,1,RECURSO LIVRE - ADMINISTRAÇÃO DIRETA,000,Não se Aplica,658005.00,580268.54
2019,12,149,PORTO ALEGRE,54909,DEP. MUNICIPAL DE HABITAÇÃO - PORTO ALEGRE,207922,31,DEPARTAMENTO MUNICIPAL DE HABITAÇÃO,1,DEPARTAMENTO MUNICIPAL DE HABITAÇÃO,ATE,1640011101010100000,Serviços de Juros de Empréstimos,S,10,1,RECURSO LIVRE - ADMINISTRAÇÃO DIRETA,000,Não se Aplica,658005.00,580268.54
2019,12,149,PORTO ALEGRE,54909,DEP. MUNICIPAL DE HABITAÇÃO - PORTO ALEGRE,207922,31,DEPARTAMENTO MUNICIPAL DE HABITAÇÃO,1,DEPARTAMENTO MUNICIPAL DE HABITAÇÃO,ATE,1640011101010104000,Serviços de Juros de Empréstimos - Adm. Indireta,A,11,400,RECURSO LIVRE - ADMINISTRAÇÃO INDIRETA,000,Não se Aplica,658005.00,580268.54
2019,12,149,PORTO ALEGRE,54909,DEP. MUNICIPAL DE HABITAÇÃO - PORTO ALEGRE,207922,31,DEPARTAMENTO MUNICIPAL DE HABITAÇÃO,1,DEPARTAMENTO MUNICIPAL DE HABITAÇÃO,ATE,1640011300000000000,"Retorno de Operações, Juros e Encargos Financeiros - Dívida Ativa",S,7,1,RECURSO LIVRE - ADMINISTRAÇÃO DIRETA,000,Não se Aplica,0.00,77402.15
2019,12,149,PORTO ALEGRE,54909,DEP. MUNICIPAL DE HABITAÇÃO - PORTO ALEGRE,207922,31,DEPARTAMENTO MUNICIPAL DE HABITAÇÃO,1,DEPARTAMENTO MUNICIPAL DE HABITAÇÃO,ATE,1640011301000000000,Serviços de Juros de Empréstimos - Dívida Ativa,S,8,1,RECURSO LIVRE - ADMINISTRAÇÃO DIRETA,000,Não se Aplica,0.00,77402.15
2019,12,149,PORTO ALEGRE,54909,DEP. MUNICIPAL DE HABITAÇÃO - PORTO ALEGRE,207922,31,DEPARTAMENTO MUNICIPAL DE HABITAÇÃO,1,DEPARTAMENTO MUNICIPAL DE HABITAÇÃO,ATE,1640011301010000000,Serviços de Juros de Empréstimos - Dívida Ativa,S,9,1,RECURSO LIVRE - ADMINISTRAÇÃO DIRETA,000,Não se Aplica,0.00,77402.15
2019,12,149,PORTO ALEGRE,54909,DEP. MUNICIPAL DE HABITAÇÃO - PORTO ALEGRE,207922,31,DEPARTAMENTO MUNICIPAL DE HABITAÇÃO,1,DEPARTAMENTO MUNICIPAL DE HABITAÇÃO,ATE,1640011301010100000,Serviços de Juros de Empréstimos - Dívida Ativa,S,10,1,RECURSO LIVRE - ADMINISTRAÇÃO DIRETA,000,Não se Aplica,0.00,77402.15
2019,12,149,PORTO ALEGRE,54909,DEP. MUNICIPAL DE HABITAÇÃO - PORTO ALEGRE,207922,31,DEPARTAMENTO MUNICIPAL DE HABITAÇÃO,1,DEPARTAMENTO MUNICIPAL DE HABITAÇÃO,ATE,1640011301010104000,Serviços de Juros de Empréstimos - Dívida Ativa - Adm. Indireta,A,11,400,RECURSO LIVRE - ADMINISTRAÇÃO INDIRETA,000,Não se Aplica,0.00,77402.15
2019,12,149,PORTO ALEGRE,54909,DEP. MUNICIPAL DE HABITAÇÃO - PORTO ALEGRE,207922,31,DEPARTAMENTO MUNICIPAL DE HABITAÇÃO,1,DEPARTAMENTO MUNICIPAL DE HABITAÇÃO,ATE,1690000000000000000,Outros Serviços,S,3,1,RECURSO LIVRE - ADMINISTRAÇÃO DIRETA,000,Não se Aplica,37490.00,2707.10
2019,12,149,PORTO ALEGRE,54909,DEP. MUNICIPAL DE HABITAÇÃO - PORTO ALEGRE,207922,31,DEPARTAMENTO MUNICIPAL DE HABITAÇÃO,1,DEPARTAMENTO MUNICIPAL DE HABITAÇÃO,ATE,1690990000000000000,Outros Serviços,S,5,1,RECURSO LIVRE - ADMINISTRAÇÃO DIRETA,000,Não se Aplica,37490.00,2707.10
2019,12,149,PORTO ALEGRE,54909,DEP. MUNICIPAL DE HABITAÇÃO - PORTO ALEGRE,207922,31,DEPARTAMENTO MUNICIPAL DE HABITAÇÃO,1,DEPARTAMENTO MUNICIPAL DE HABITAÇÃO,ATE,1690991000000000000,Outros Serviços,S,6,1,RECURSO LIVRE - ADMINISTRAÇÃO DIRETA,000,Não se Aplica,37490.00,2707.10
2019,12,149,PORTO ALEGRE,54909,DEP. MUNICIPAL DE HABITAÇÃO - PORTO ALEGRE,207922,31,DEPARTAMENTO MUNICIPAL DE HABITAÇÃO,1,DEPARTAMENTO MUNICIPAL DE HABITAÇÃO,ATE,1690991100000000000,Outros Serviços - Principal,S,7,1,RECURSO LIVRE - ADMINISTRAÇÃO DIRETA,000,Não se Aplica,37490.00,2707.10
2019,12,149,PORTO ALEGRE,54909,DEP. MUNICIPAL DE HABITAÇÃO - PORTO ALEGRE,207922,31,DEPARTAMENTO MUNICIPAL DE HABITAÇÃO,1,DEPARTAMENTO MUNICIPAL DE HABITAÇÃO,ATE,1690991199000000000,Outros Serviços Diversos,S,8,1,RECURSO LIVRE - ADMINISTRAÇÃO DIRETA,000,Não se Aplica,37490.00,2707.10
2019,12,149,PORTO ALEGRE,54909,DEP. MUNICIPAL DE HABITAÇÃO - PORTO ALEGRE,207922,31,DEPARTAMENTO MUNICIPAL DE HABITAÇÃO,1,DEPARTAMENTO MUNICIPAL DE HABITAÇÃO,ATE,1690991199010000000,Outros Serviços Diversos,S,9,1,RECURSO LIVRE - ADMINISTRAÇÃO DIRETA,000,Não se Aplica,37490.00,2707.10
2019,12,149,PORTO ALEGRE,54909,DEP. MUNICIPAL DE HABITAÇÃO - PORTO ALEGRE,207922,31,DEPARTAMENTO MUNICIPAL DE HABITAÇÃO,1,DEPARTAMENTO MUNICIPAL DE HABITAÇÃO,ATE,1690991199019900000,Outros Serviços Diversos - Diversos,S,10,1,RECURSO LIVRE - ADMINISTRAÇÃO DIRETA,000,Não se Aplica,37490.00,2707.10
2019,12,149,PORTO ALEGRE,54909,DEP. MUNICIPAL DE HABITAÇÃO - PORTO ALEGRE,207922,31,DEPARTAMENTO MUNICIPAL DE HABITAÇÃO,1,DEPARTAMENTO MUNICIPAL DE HABITAÇÃO,ATE,1690991199019904000,Outros Serviços Diversos - Adm. Indireta,A,11,400,RECURSO LIVRE - ADMINISTRAÇÃO INDIRETA,000,Não se Aplica,37490.00,2707.10
2019,12,149,PORTO ALEGRE,54909,DEP. MUNICIPAL DE HABITAÇÃO - PORTO ALEGRE,207922,31,DEPARTAMENTO MUNICIPAL DE HABITAÇÃO,1,DEPARTAMENTO MUNICIPAL DE HABITAÇÃO,ATE,1700000000000000000,Transferências Correntes,S,2,1,RECURSO LIVRE - ADMINISTRAÇÃO DIRETA,000,Não se Aplica,1003060.00,109202.29
2019,12,149,PORTO ALEGRE,54909,DEP. MUNICIPAL DE HABITAÇÃO - PORTO ALEGRE,207922,31,DEPARTAMENTO MUNICIPAL DE HABITAÇÃO,1,DEPARTAMENTO MUNICIPAL DE HABITAÇÃO,ATE,1710000000000000000,Transferências da União e de suas Entidades,S,3,1,RECURSO LIVRE - ADMINISTRAÇÃO DIRETA,000,Não se Aplica,1003060.00,109202.29
2019,12,149,PORTO ALEGRE,54909,DEP. MUNICIPAL DE HABITAÇÃO - PORTO ALEGRE,207922,31,DEPARTAMENTO MUNICIPAL DE HABITAÇÃO,1,DEPARTAMENTO MUNICIPAL DE HABITAÇÃO,ATE,1718000000000000000,"Transferências da União - Específicas de Estados, DF e Municípios",S,4,1,RECURSO LIVRE - ADMINISTRAÇÃO DIRETA,000,Não se Aplica,1003060.00,109202.29
2019,12,149,PORTO ALEGRE,54909,DEP. MUNICIPAL DE HABITAÇÃO - PORTO ALEGRE,207922,31,DEPARTAMENTO MUNICIPAL DE HABITAÇÃO,1,DEPARTAMENTO MUNICIPAL DE HABITAÇÃO,ATE,1718100000000000000,Transferências de Convênios da União e de Suas Entidades,S,5,1,RECURSO LIVRE - ADMINISTRAÇÃO DIRETA,000,Não se Aplica,1003060.00,109202.29
2019,12,149,PORTO ALEGRE,54909,DEP. MUNICIPAL DE HABITAÇÃO - PORTO ALEGRE,207922,31,DEPARTAMENTO MUNICIPAL DE HABITAÇÃO,1,DEPARTAMENTO MUNICIPAL DE HABITAÇÃO,ATE,1718109000000000000,Outras Transferências de Convênios da União,S,6,1,RECURSO LIVRE - ADMINISTRAÇÃO DIRETA,000,Não se Aplica,1003060.00,109202.29
2019,12,149,PORTO ALEGRE,54909,DEP. MUNICIPAL DE HABITAÇÃO - PORTO ALEGRE,207922,31,DEPARTAMENTO MUNICIPAL DE HABITAÇÃO,1,DEPARTAMENTO MUNICIPAL DE HABITAÇÃO,ATE,1718109100000000000,Outras Transferências de Convênios da União - Principal,S,7,1,RECURSO LIVRE - ADMINISTRAÇÃO DIRETA,000,Não se Aplica,1003060.00,109202.29
2019,12,149,PORTO ALEGRE,54909,DEP. MUNICIPAL DE HABITAÇÃO - PORTO ALEGRE,207922,31,DEPARTAMENTO MUNICIPAL DE HABITAÇÃO,1,DEPARTAMENTO MUNICIPAL DE HABITAÇÃO,ATE,1718109101000000000,Outras Transferências de Convênios da União,S,8,1,RECURSO LIVRE - ADMINISTRAÇÃO DIRETA,000,Não se Aplica,1003060.00,109202.29
2019,12,149,PORTO ALEGRE,54909,DEP. MUNICIPAL DE HABITAÇÃO - PORTO ALEGRE,207922,31,DEPARTAMENTO MUNICIPAL DE HABITAÇÃO,1,DEPARTAMENTO MUNICIPAL DE HABITAÇÃO,ATE,1718109101010000000,Outras Transferências de Convênios da União,S,9,1,RECURSO LIVRE - ADMINISTRAÇÃO DIRETA,000,Não se Aplica,1003060.00,109202.29
2019,12,149,PORTO ALEGRE,54909,DEP. MUNICIPAL DE HABITAÇÃO - PORTO ALEGRE,207922,31,DEPARTAMENTO MUNICIPAL DE HABITAÇÃO,1,DEPARTAMENTO MUNICIPAL DE HABITAÇÃO,ATE,1718109101010100000,Outras Transferências de Convênios da União,S,10,1,RECURSO LIVRE - ADMINISTRAÇÃO DIRETA,000,Não se Aplica,1003060.00,109202.29
2019,12,149,PORTO ALEGRE,54909,DEP. MUNICIPAL DE HABITAÇÃO - PORTO ALEGRE,207922,31,DEPARTAMENTO MUNICIPAL DE HABITAÇÃO,1,DEPARTAMENTO MUNICIPAL DE HABITAÇÃO,ATE,1718109101010113080,Programas de Urbanização - Exceto Operação de Crédito,A,11,1308,PROGRAMAS DE URBANIZAÇÃO - EXCETO OPERAÇÃO DE CRÉDITO,000,Não se Aplica,1003060.00,109202.29
2019,12,149,PORTO ALEGRE,54909,DEP. MUNICIPAL DE HABITAÇÃO - PORTO ALEGRE,207922,31,DEPARTAMENTO MUNICIPAL DE HABITAÇÃO,1,DEPARTAMENTO MUNICIPAL DE HABITAÇÃO,ATE,1900000000000000000,Outras Receitas Correntes,S,2,1,RECURSO LIVRE - ADMINISTRAÇÃO DIRETA,000,Não se Aplica,1570323.00,199937.29
2019,12,149,PORTO ALEGRE,54909,DEP. MUNICIPAL DE HABITAÇÃO - PORTO ALEGRE,207922,31,DEPARTAMENTO MUNICIPAL DE HABITAÇÃO,1,DEPARTAMENTO MUNICIPAL DE HABITAÇÃO,ATE,1910000000000000000,"Multas Administrativas, Contratuais e Judiciais",S,3,1,RECURSO LIVRE - ADMINISTRAÇÃO DIRETA,000,Não se Aplica,1457580.00,167900.33
2019,12,149,PORTO ALEGRE,54909,DEP. MUNICIPAL DE HABITAÇÃO - PORTO ALEGRE,207922,31,DEPARTAMENTO MUNICIPAL DE HABITAÇÃO,1,DEPARTAMENTO MUNICIPAL DE HABITAÇÃO,ATE,1910090000000000000,Multas e Juros Previstos em Contratos,S,5,1,RECURSO LIVRE - ADMINISTRAÇÃO DIRETA,000,Não se Aplica,1457580.00,167900.33
2019,12,149,PORTO ALEGRE,54909,DEP. MUNICIPAL DE HABITAÇÃO - PORTO ALEGRE,207922,31,DEPARTAMENTO MUNICIPAL DE HABITAÇÃO,1,DEPARTAMENTO MUNICIPAL DE HABITAÇÃO,ATE,1910091000000000000,Multas e Juros Previstos em Contratos,S,6,1,RECURSO LIVRE - ADMINISTRAÇÃO DIRETA,000,Não se Aplica,1457580.00,167900.33
2019,12,149,PORTO ALEGRE,54909,DEP. MUNICIPAL DE HABITAÇÃO - PORTO ALEGRE,207922,31,DEPARTAMENTO MUNICIPAL DE HABITAÇÃO,1,DEPARTAMENTO MUNICIPAL DE HABITAÇÃO,ATE,1910091100000000000,Multas e Juros Previstos em Contratos - Principal,S,7,1,RECURSO LIVRE - ADMINISTRAÇÃO DIRETA,000,Não se Aplica,1457580.00,167900.33
2019,12,149,PORTO ALEGRE,54909,DEP. MUNICIPAL DE HABITAÇÃO - PORTO ALEGRE,207922,31,DEPARTAMENTO MUNICIPAL DE HABITAÇÃO,1,DEPARTAMENTO MUNICIPAL DE HABITAÇÃO,ATE,1910091101000000000,Multas de Trânsito - Multas e Juros - EPTC - Adm. Indireta,S,8,1,RECURSO LIVRE - ADMINISTRAÇÃO DIRETA,000,Não se Aplica,1457580.00,167900.33
2019,12,149,PORTO ALEGRE,54909,DEP. MUNICIPAL DE HABITAÇÃO - PORTO ALEGRE,207922,31,DEPARTAMENTO MUNICIPAL DE HABITAÇÃO,1,DEPARTAMENTO MUNICIPAL DE HABITAÇÃO,ATE,1910091101010000000,Multas e Juros Previstos em Contratos - Principal,S,9,1,RECURSO LIVRE - ADMINISTRAÇÃO DIRETA,000,Não se Aplica,1457580.00,167900.33
2019,12,149,PORTO ALEGRE,54909,DEP. MUNICIPAL DE HABITAÇÃO - PORTO ALEGRE,207922,31,DEPARTAMENTO MUNICIPAL DE HABITAÇÃO,1,DEPARTAMENTO MUNICIPAL DE HABITAÇÃO,ATE,1910091101010100000,Multas e Juros Previstos em Contratos - Principal,S,10,1,RECURSO LIVRE - ADMINISTRAÇÃO DIRETA,000,Não se Aplica,1457580.00,167900.33
2019,12,149,PORTO ALEGRE,54909,DEP. MUNICIPAL DE HABITAÇÃO - PORTO ALEGRE,207922,31,DEPARTAMENTO MUNICIPAL DE HABITAÇÃO,1,DEPARTAMENTO MUNICIPAL DE HABITAÇÃO,ATE,1910091101010104000,Multas e Juros Previstos em Contratos - Adm. Indireta,A,11,400,RECURSO LIVRE - ADMINISTRAÇÃO INDIRETA,000,Não se Aplica,1457580.00,167900.33
2019,12,149,PORTO ALEGRE,54909,DEP. MUNICIPAL DE HABITAÇÃO - PORTO ALEGRE,207922,31,DEPARTAMENTO MUNICIPAL DE HABITAÇÃO,1,DEPARTAMENTO MUNICIPAL DE HABITAÇÃO,ATE,1920000000000000000,"Indenizações, Restituições e Ressarcimentos",S,3,1,RECURSO LIVRE - ADMINISTRAÇÃO DIRETA,000,Não se Aplica,0.00,14008.86
2019,12,149,PORTO ALEGRE,54909,DEP. MUNICIPAL DE HABITAÇÃO - PORTO ALEGRE,207922,31,DEPARTAMENTO MUNICIPAL DE HABITAÇÃO,1,DEPARTAMENTO MUNICIPAL DE HABITAÇÃO,ATE,1928000000000000000,"Indeniz., Restituiç. e Ressarc. - Específicas p/ Estados/DF/Municípios",S,4,1,RECURSO LIVRE - ADMINISTRAÇÃO DIRETA,000,Não se Aplica,0.00,14008.86
2019,12,149,PORTO ALEGRE,54909,DEP. MUNICIPAL DE HABITAÇÃO - PORTO ALEGRE,207922,31,DEPARTAMENTO MUNICIPAL DE HABITAÇÃO,1,DEPARTAMENTO MUNICIPAL DE HABITAÇÃO,ATE,1928020000000000000,Restituições - Específicas para Estados/DF/Municípios,S,5,1,RECURSO LIVRE - ADMINISTRAÇÃO DIRETA,000,Não se Aplica,0.00,14008.86
2019,12,149,PORTO ALEGRE,54909,DEP. MUNICIPAL DE HABITAÇÃO - PORTO ALEGRE,207922,31,DEPARTAMENTO MUNICIPAL DE HABITAÇÃO,1,DEPARTAMENTO MUNICIPAL DE HABITAÇÃO,ATE,1928029000000000000,Outras Rest.- Espec.p/ Est./DF/Munic.- Não Especificadas Anteriormente,S,6,1,RECURSO LIVRE - ADMINISTRAÇÃO DIRETA,000,Não se Aplica,0.00,14008.86
2019,12,149,PORTO ALEGRE,54909,DEP. MUNICIPAL DE HABITAÇÃO - PORTO ALEGRE,207922,31,DEPARTAMENTO MUNICIPAL DE HABITAÇÃO,1,DEPARTAMENTO MUNICIPAL DE HABITAÇÃO,ATE,1928029100000000000,Outras Rest.- Espec.p/ Est./DF/Munic.- Não Especif. Anter. - Principal,S,7,1,RECURSO LIVRE - ADMINISTRAÇÃO DIRETA,000,Não se Aplica,0.00,14008.86
2019,12,149,PORTO ALEGRE,54909,DEP. MUNICIPAL DE HABITAÇÃO - PORTO ALEGRE,207922,31,DEPARTAMENTO MUNICIPAL DE HABITAÇÃO,1,DEPARTAMENTO MUNICIPAL DE HABITAÇÃO,ATE,1928029199000000000,Outras Restituições Diversas - Principal,S,8,1,RECURSO LIVRE - ADMINISTRAÇÃO DIRETA,000,Não se Aplica,0.00,14008.86
2019,12,149,PORTO ALEGRE,54909,DEP. MUNICIPAL DE HABITAÇÃO - PORTO ALEGRE,207922,31,DEPARTAMENTO MUNICIPAL DE HABITAÇÃO,1,DEPARTAMENTO MUNICIPAL DE HABITAÇÃO,ATE,1928029199010000000,Outras Restituições Diversas,S,9,1,RECURSO LIVRE - ADMINISTRAÇÃO DIRETA,000,Não se Aplica,0.00,14008.86
2019,12,149,PORTO ALEGRE,54909,DEP. MUNICIPAL DE HABITAÇÃO - PORTO ALEGRE,207922,31,DEPARTAMENTO MUNICIPAL DE HABITAÇÃO,1,DEPARTAMENTO MUNICIPAL DE HABITAÇÃO,ATE,1928029199019900000,Outras Restituições Diversas Diversas,S,10,1,RECURSO LIVRE - ADMINISTRAÇÃO DIRETA,000,Não se Aplica,0.00,14008.86
2019,12,149,PORTO ALEGRE,54909,DEP. MUNICIPAL DE HABITAÇÃO - PORTO ALEGRE,207922,31,DEPARTAMENTO MUNICIPAL DE HABITAÇÃO,1,DEPARTAMENTO MUNICIPAL DE HABITAÇÃO,ATE,1928029199019900010,Outras Restituições Diversas - Administração Direta,A,11,1,RECURSO LIVRE - ADMINISTRAÇÃO DIRETA,000,Não se Aplica,0.00,14008.86
2019,12,149,PORTO ALEGRE,54909,DEP. MUNICIPAL DE HABITAÇÃO - PORTO ALEGRE,207922,31,DEPARTAMENTO MUNICIPAL DE HABITAÇÃO,1,DEPARTAMENTO MUNICIPAL DE HABITAÇÃO,ATE,1990000000000000000,Demais Receitas Correntes,S,3,1,RECURSO LIVRE - ADMINISTRAÇÃO DIRETA,000,Não se Aplica,112743.00,18028.10
2019,12,149,PORTO ALEGRE,54909,DEP. MUNICIPAL DE HABITAÇÃO - PORTO ALEGRE,207922,31,DEPARTAMENTO MUNICIPAL DE HABITAÇÃO,1,DEPARTAMENTO MUNICIPAL DE HABITAÇÃO,ATE,1990990000000000000,Outras Receitas,S,5,1,RECURSO LIVRE - ADMINISTRAÇÃO DIRETA,000,Não se Aplica,112743.00,18028.10
2019,12,149,PORTO ALEGRE,54909,DEP. MUNICIPAL DE HABITAÇÃO - PORTO ALEGRE,207922,31,DEPARTAMENTO MUNICIPAL DE HABITAÇÃO,1,DEPARTAMENTO MUNICIPAL DE HABITAÇÃO,ATE,1990991000000000000,Outras Receitas - Primárias,S,6,1,RECURSO LIVRE - ADMINISTRAÇÃO DIRETA,000,Não se Aplica,112743.00,18028.10
2019,12,149,PORTO ALEGRE,54909,DEP. MUNICIPAL DE HABITAÇÃO - PORTO ALEGRE,207922,31,DEPARTAMENTO MUNICIPAL DE HABITAÇÃO,1,DEPARTAMENTO MUNICIPAL DE HABITAÇÃO,ATE,1990991100000000000,Outras Receitas - Primárias - Principal,S,7,1,RECURSO LIVRE - ADMINISTRAÇÃO DIRETA,000,Não se Aplica,112743.00,18028.10
2019,12,149,PORTO ALEGRE,54909,DEP. MUNICIPAL DE HABITAÇÃO - PORTO ALEGRE,207922,31,DEPARTAMENTO MUNICIPAL DE HABITAÇÃO,1,DEPARTAMENTO MUNICIPAL DE HABITAÇÃO,ATE,1990991198000000000,Outras Receitas - Descontos Obtidos,S,8,1,RECURSO LIVRE - ADMINISTRAÇÃO DIRETA,000,Não se Aplica,0.00,5271.10
2019,12,149,PORTO ALEGRE,54909,DEP. MUNICIPAL DE HABITAÇÃO - PORTO ALEGRE,207922,31,DEPARTAMENTO MUNICIPAL DE HABITAÇÃO,1,DEPARTAMENTO MUNICIPAL DE HABITAÇÃO,ATE,1990991198010000000,Outras Receitas - Descontos Obtidos - Principal,S,9,1,RECURSO LIVRE - ADMINISTRAÇÃO DIRETA,000,Não se Aplica,0.00,5271.10
2019,12,149,PORTO ALEGRE,54909,DEP. MUNICIPAL DE HABITAÇÃO - PORTO ALEGRE,207922,31,DEPARTAMENTO MUNICIPAL DE HABITAÇÃO,1,DEPARTAMENTO MUNICIPAL DE HABITAÇÃO,ATE,1990991198010100000,Outras Receitas - Descontos Obtidos,S,10,1,RECURSO LIVRE - ADMINISTRAÇÃO DIRETA,000,Não se Aplica,0.00,5271.10
2019,12,149,PORTO ALEGRE,54909,DEP. MUNICIPAL DE HABITAÇÃO - PORTO ALEGRE,207922,31,DEPARTAMENTO MUNICIPAL DE HABITAÇÃO,1,DEPARTAMENTO MUNICIPAL DE HABITAÇÃO,ATE,1990991198010100010,Outras Receitas - Descontos Obtidos - Adm. Direta,A,11,1,RECURSO LIVRE - ADMINISTRAÇÃO DIRETA,000,Não se Aplica,0.00,5260.86
2019,12,149,PORTO ALEGRE,54909,DEP. MUNICIPAL DE HABITAÇÃO - PORTO ALEGRE,207922,31,DEPARTAMENTO MUNICIPAL DE HABITAÇÃO,1,DEPARTAMENTO MUNICIPAL DE HABITAÇÃO,ATE,1990991198010104000,Outras Receitas - Descontos Obtidos - Adm. Indireta,A,11,400,RECURSO LIVRE - ADMINISTRAÇÃO INDIRETA,000,Não se Aplica,0.00,10.24
2019,12,149,PORTO ALEGRE,54909,DEP. MUNICIPAL DE HABITAÇÃO - PORTO ALEGRE,207922,31,DEPARTAMENTO MUNICIPAL DE HABITAÇÃO,1,DEPARTAMENTO MUNICIPAL DE HABITAÇÃO,ATE,1990991199000000000,Outras Receitas - Diversas,S,8,1,RECURSO LIVRE - ADMINISTRAÇÃO DIRETA,000,Não se Aplica,112743.00,12757.00
2019,12,149,PORTO ALEGRE,54909,DEP. MUNICIPAL DE HABITAÇÃO - PORTO ALEGRE,207922,31,DEPARTAMENTO MUNICIPAL DE HABITAÇÃO,1,DEPARTAMENTO MUNICIPAL DE HABITAÇÃO,ATE,1990991199010000000,Outras Receitas - Diversas - Principal,S,9,1,RECURSO LIVRE - ADMINISTRAÇÃO DIRETA,000,Não se Aplica,112743.00,12757.00
2019,12,149,PORTO ALEGRE,54909,DEP. MUNICIPAL DE HABITAÇÃO - PORTO ALEGRE,207922,31,DEPARTAMENTO MUNICIPAL DE HABITAÇÃO,1,DEPARTAMENTO MUNICIPAL DE HABITAÇÃO,ATE,1990991199019900000,Outras Receitas - Diversas Diversas,S,10,1,RECURSO LIVRE - ADMINISTRAÇÃO DIRETA,000,Não se Aplica,112743.00,12757.00
2019,12,149,PORTO ALEGRE,54909,DEP. MUNICIPAL DE HABITAÇÃO - PORTO ALEGRE,207922,31,DEPARTAMENTO MUNICIPAL DE HABITAÇÃO,1,DEPARTAMENTO MUNICIPAL DE HABITAÇÃO,ATE,1990991199019904000,Outras Receitas - Diversas - Adm. Indireta,A,11,400,RECURSO LIVRE - ADMINISTRAÇÃO INDIRETA,000,Não se Aplica,55000.00,12746.55
2019,12,149,PORTO ALEGRE,54909,DEP. MUNICIPAL DE HABITAÇÃO - PORTO ALEGRE,207922,31,DEPARTAMENTO MUNICIPAL DE HABITAÇÃO,1,DEPARTAMENTO MUNICIPAL DE HABITAÇÃO,ATE,1990991199019979030,Outras Receitas - Diversas - FMHIS,A,11,7903,RECURSOS FUNDO MUNICIPAL DE HABITAÇÃO DE INTERESSE SOCIAL,000,Não se Aplica,57743.00,10.45
2019,12,149,PORTO ALEGRE,54909,DEP. MUNICIPAL DE HABITAÇÃO - PORTO ALEGRE,207922,31,DEPARTAMENTO MUNICIPAL DE HABITAÇÃO,1,DEPARTAMENTO MUNICIPAL DE HABITAÇÃO,ATE,2000000000000000000,Receitas de Capital,S,1,1,RECURSO LIVRE - ADMINISTRAÇÃO DIRETA,000,Não se Aplica,18628307.00,16267083.70
2019,12,149,PORTO ALEGRE,54909,DEP. MUNICIPAL DE HABITAÇÃO - PORTO ALEGRE,207922,31,DEPARTAMENTO MUNICIPAL DE HABITAÇÃO,1,DEPARTAMENTO MUNICIPAL DE HABITAÇÃO,ATE,2200000000000000000,Alienação de Bens,S,2,1,RECURSO LIVRE - ADMINISTRAÇÃO DIRETA,000,Não se Aplica,16248856.00,3526458.19
2019,12,149,PORTO ALEGRE,54909,DEP. MUNICIPAL DE HABITAÇÃO - PORTO ALEGRE,207922,31,DEPARTAMENTO MUNICIPAL DE HABITAÇÃO,1,DEPARTAMENTO MUNICIPAL DE HABITAÇÃO,ATE,2220000000000000000,Alienação de Bens Imóveis,S,3,1,RECURSO LIVRE - ADMINISTRAÇÃO DIRETA,000,Não se Aplica,16248856.00,3526458.19
2019,12,149,PORTO ALEGRE,54909,DEP. MUNICIPAL DE HABITAÇÃO - PORTO ALEGRE,207922,31,DEPARTAMENTO MUNICIPAL DE HABITAÇÃO,1,DEPARTAMENTO MUNICIPAL DE HABITAÇÃO,ATE,2220001000000000000,Alienação de Bens Imóveis,S,6,1,RECURSO LIVRE - ADMINISTRAÇÃO DIRETA,000,Não se Aplica,16248856.00,3526458.19
2019,12,149,PORTO ALEGRE,54909,DEP. MUNICIPAL DE HABITAÇÃO - PORTO ALEGRE,207922,31,DEPARTAMENTO MUNICIPAL DE HABITAÇÃO,1,DEPARTAMENTO MUNICIPAL DE HABITAÇÃO,ATE,2220001100000000000,Alienação de Bens Imóveis - Principal,S,7,1,RECURSO LIVRE - ADMINISTRAÇÃO DIRETA,000,Não se Aplica,16248856.00,3526458.19
2019,12,149,PORTO ALEGRE,54909,DEP. MUNICIPAL DE HABITAÇÃO - PORTO ALEGRE,207922,31,DEPARTAMENTO MUNICIPAL DE HABITAÇÃO,1,DEPARTAMENTO MUNICIPAL DE HABITAÇÃO,ATE,2220001102000000000,Alienação de Bens Imóveis - Principal - Exceto RPPS,S,8,1,RECURSO LIVRE - ADMINISTRAÇÃO DIRETA,000,Não se Aplica,16248856.00,3526458.19
2019,12,149,PORTO ALEGRE,54909,DEP. MUNICIPAL DE HABITAÇÃO - PORTO ALEGRE,207922,31,DEPARTAMENTO MUNICIPAL DE HABITAÇÃO,1,DEPARTAMENTO MUNICIPAL DE HABITAÇÃO,ATE,2220001102010000000,Alienação de Bens Imóveis - Exceto RPPS,S,9,1,RECURSO LIVRE - ADMINISTRAÇÃO DIRETA,000,Não se Aplica,16248856.00,3526458.19
2019,12,149,PORTO ALEGRE,54909,DEP. MUNICIPAL DE HABITAÇÃO - PORTO ALEGRE,207922,31,DEPARTAMENTO MUNICIPAL DE HABITAÇÃO,1,DEPARTAMENTO MUNICIPAL DE HABITAÇÃO,ATE,2220001102019900000,Alienação de Outros Bens Imóveis,S,10,1,RECURSO LIVRE - ADMINISTRAÇÃO DIRETA,000,Não se Aplica,16248856.00,3526458.19
2019,12,149,PORTO ALEGRE,54909,DEP. MUNICIPAL DE HABITAÇÃO - PORTO ALEGRE,207922,31,DEPARTAMENTO MUNICIPAL DE HABITAÇÃO,1,DEPARTAMENTO MUNICIPAL DE HABITAÇÃO,ATE,2220001102019979030,Alienação de Índice Construtivo - Solo Criado - FMHIS,A,11,7903,RECURSOS FUNDO MUNICIPAL DE HABITAÇÃO DE INTERESSE SOCIAL,000,Não se Aplica,16248856.00,3526458.19
2019,12,149,PORTO ALEGRE,54909,DEP. MUNICIPAL DE HABITAÇÃO - PORTO ALEGRE,207922,31,DEPARTAMENTO MUNICIPAL DE HABITAÇÃO,1,DEPARTAMENTO MUNICIPAL DE HABITAÇÃO,ATE,2300000000000000000,Amortização de Empréstimos,S,2,1,RECURSO LIVRE - ADMINISTRAÇÃO DIRETA,000,Não se Aplica,2379451.00,2308951.69
2019,12,149,PORTO ALEGRE,54909,DEP. MUNICIPAL DE HABITAÇÃO - PORTO ALEGRE,207922,31,DEPARTAMENTO MUNICIPAL DE HABITAÇÃO,1,DEPARTAMENTO MUNICIPAL DE HABITAÇÃO,ATE,2300060000000000000,Amortização de Empréstimos Contratuais,S,5,1,RECURSO LIVRE - ADMINISTRAÇÃO DIRETA,000,Não se Aplica,2379451.00,2308951.69
2019,12,149,PORTO ALEGRE,54909,DEP. MUNICIPAL DE HABITAÇÃO - PORTO ALEGRE,207922,31,DEPARTAMENTO MUNICIPAL DE HABITAÇÃO,1,DEPARTAMENTO MUNICIPAL DE HABITAÇÃO,ATE,2300061000000000000,Amortização de Empréstimos Contratuais,S,6,1,RECURSO LIVRE - ADMINISTRAÇÃO DIRETA,000,Não se Aplica,2379451.00,2308951.69
2019,12,149,PORTO ALEGRE,54909,DEP. MUNICIPAL DE HABITAÇÃO - PORTO ALEGRE,207922,31,DEPARTAMENTO MUNICIPAL DE HABITAÇÃO,1,DEPARTAMENTO MUNICIPAL DE HABITAÇÃO,ATE,2300061100000000000,Amortização de Empréstimos Contratuais - Principal,S,7,1,RECURSO LIVRE - ADMINISTRAÇÃO DIRETA,000,Não se Aplica,1679738.00,1303811.42
2019,12,149,PORTO ALEGRE,54909,DEP. MUNICIPAL DE HABITAÇÃO - PORTO ALEGRE,207922,31,DEPARTAMENTO MUNICIPAL DE HABITAÇÃO,1,DEPARTAMENTO MUNICIPAL DE HABITAÇÃO,ATE,2300061101000000000,Amortização de Empréstimos Contratuais,S,8,1,RECURSO LIVRE - ADMINISTRAÇÃO DIRETA,000,Não se Aplica,1679738.00,1303811.42
2019,12,149,PORTO ALEGRE,54909,DEP. MUNICIPAL DE HABITAÇÃO - PORTO ALEGRE,207922,31,DEPARTAMENTO MUNICIPAL DE HABITAÇÃO,1,DEPARTAMENTO MUNICIPAL DE HABITAÇÃO,ATE,2300061101010000000,Amortização de Empréstimos Contratuais,S,9,1,RECURSO LIVRE - ADMINISTRAÇÃO DIRETA,000,Não se Aplica,1679738.00,1303811.42
2019,12,149,PORTO ALEGRE,54909,DEP. MUNICIPAL DE HABITAÇÃO - PORTO ALEGRE,207922,31,DEPARTAMENTO MUNICIPAL DE HABITAÇÃO,1,DEPARTAMENTO MUNICIPAL DE HABITAÇÃO,ATE,2300061101010100000,Amortização de Créditos Imobiliários,S,10,1,RECURSO LIVRE - ADMINISTRAÇÃO DIRETA,000,Não se Aplica,1679738.00,1303811.42
2019,12,149,PORTO ALEGRE,54909,DEP. MUNICIPAL DE HABITAÇÃO - PORTO ALEGRE,207922,31,DEPARTAMENTO MUNICIPAL DE HABITAÇÃO,1,DEPARTAMENTO MUNICIPAL DE HABITAÇÃO,ATE,2300061101010104000,Amortização de Créditos Imobiliários - Adm. Indireta,A,11,400,RECURSO LIVRE - ADMINISTRAÇÃO INDIRETA,000,Não se Aplica,1679738.00,1303811.42
2019,12,149,PORTO ALEGRE,54909,DEP. MUNICIPAL DE HABITAÇÃO - PORTO ALEGRE,207922,31,DEPARTAMENTO MUNICIPAL DE HABITAÇÃO,1,DEPARTAMENTO MUNICIPAL DE HABITAÇÃO,ATE,2300061200000000000,Amortização de Empréstimos Contratuais - Multas e Juros - Principal,S,7,1,RECURSO LIVRE - ADMINISTRAÇÃO DIRETA,000,Não se Aplica,0.00,10756.05
2019,12,149,PORTO ALEGRE,54909,DEP. MUNICIPAL DE HABITAÇÃO - PORTO ALEGRE,207922,31,DEPARTAMENTO MUNICIPAL DE HABITAÇÃO,1,DEPARTAMENTO MUNICIPAL DE HABITAÇÃO,ATE,2300061201000000000,Amortização de Empréstimos Contratuais - Multas e Juros,S,8,1,RECURSO LIVRE - ADMINISTRAÇÃO DIRETA,000,Não se Aplica,0.00,10756.05
2019,12,149,PORTO ALEGRE,54909,DEP. MUNICIPAL DE HABITAÇÃO - PORTO ALEGRE,207922,31,DEPARTAMENTO MUNICIPAL DE HABITAÇÃO,1,DEPARTAMENTO MUNICIPAL DE HABITAÇÃO,ATE,2300061201010000000,Amortização de Empréstimos Contratuais - Multas e Juros,S,9,1,RECURSO LIVRE - ADMINISTRAÇÃO DIRETA,000,Não se Aplica,0.00,10756.05
2019,12,149,PORTO ALEGRE,54909,DEP. MUNICIPAL DE HABITAÇÃO - PORTO ALEGRE,207922,31,DEPARTAMENTO MUNICIPAL DE HABITAÇÃO,1,DEPARTAMENTO MUNICIPAL DE HABITAÇÃO,ATE,2300061201010100000,Amortização de Créditos Imobiliários - Multas e Juros,S,10,1,RECURSO LIVRE - ADMINISTRAÇÃO DIRETA,000,Não se Aplica,0.00,10756.05
2019,12,149,PORTO ALEGRE,54909,DEP. MUNICIPAL DE HABITAÇÃO - PORTO ALEGRE,207922,31,DEPARTAMENTO MUNICIPAL DE HABITAÇÃO,1,DEPARTAMENTO MUNICIPAL DE HABITAÇÃO,ATE,2300061201010104000,Amortização de Créditos Imobiliários - Multas e Juros - Adm. Indireta,A,11,400,RECURSO LIVRE - ADMINISTRAÇÃO INDIRETA,000,Não se Aplica,0.00,10756.05
2019,12,149,PORTO ALEGRE,54909,DEP. MUNICIPAL DE HABITAÇÃO - PORTO ALEGRE,207922,31,DEPARTAMENTO MUNICIPAL DE HABITAÇÃO,1,DEPARTAMENTO MUNICIPAL DE HABITAÇÃO,ATE,2300061300000000000,Amortização de Empréstimos Contratuais - Dívida Ativa - Principal,S,7,1,RECURSO LIVRE - ADMINISTRAÇÃO DIRETA,000,Não se Aplica,699713.00,994384.22
2019,12,149,PORTO ALEGRE,54909,DEP. MUNICIPAL DE HABITAÇÃO - PORTO ALEGRE,207922,31,DEPARTAMENTO MUNICIPAL DE HABITAÇÃO,1,DEPARTAMENTO MUNICIPAL DE HABITAÇÃO,ATE,2300061301000000000,Amortização de Empréstimos Contratuais - Dívida Ativa,S,8,1,RECURSO LIVRE - ADMINISTRAÇÃO DIRETA,000,Não se Aplica,699713.00,994384.22
2019,12,149,PORTO ALEGRE,54909,DEP. MUNICIPAL DE HABITAÇÃO - PORTO ALEGRE,207922,31,DEPARTAMENTO MUNICIPAL DE HABITAÇÃO,1,DEPARTAMENTO MUNICIPAL DE HABITAÇÃO,ATE,2300061301010000000,Amortização de Empréstimos Contratuais - Dívida Ativa,S,9,1,RECURSO LIVRE - ADMINISTRAÇÃO DIRETA,000,Não se Aplica,699713.00,994384.22
2019,12,149,PORTO ALEGRE,54909,DEP. MUNICIPAL DE HABITAÇÃO - PORTO ALEGRE,207922,31,DEPARTAMENTO MUNICIPAL DE HABITAÇÃO,1,DEPARTAMENTO MUNICIPAL DE HABITAÇÃO,ATE,2300061301010100000,Amortização de Créditos Imobiliários - Dívida Ativa,S,10,1,RECURSO LIVRE - ADMINISTRAÇÃO DIRETA,000,Não se Aplica,699713.00,994384.22
2019,12,149,PORTO ALEGRE,54909,DEP. MUNICIPAL DE HABITAÇÃO - PORTO ALEGRE,207922,31,DEPARTAMENTO MUNICIPAL DE HABITAÇÃO,1,DEPARTAMENTO MUNICIPAL DE HABITAÇÃO,ATE,2300061301010104000,Amortização de Créditos Imobiliários - Dívida Ativa - Adm. Indireta,A,11,400,RECURSO LIVRE - ADMINISTRAÇÃO INDIRETA,000,Não se Aplica,699713.00,994384.22
2019,12,149,PORTO ALEGRE,54909,DEP. MUNICIPAL DE HABITAÇÃO - PORTO ALEGRE,207922,31,DEPARTAMENTO MUNICIPAL DE HABITAÇÃO,1,DEPARTAMENTO MUNICIPAL DE HABITAÇÃO,ATE,2900000000000000000,Outras Receitas De Capital,S,2,1,RECURSO LIVRE - ADMINISTRAÇÃO DIRETA,000,Não se Aplica,0.00,10431673.82
2019,12,149,PORTO ALEGRE,54909,DEP. MUNICIPAL DE HABITAÇÃO - PORTO ALEGRE,207922,31,DEPARTAMENTO MUNICIPAL DE HABITAÇÃO,1,DEPARTAMENTO MUNICIPAL DE HABITAÇÃO,ATE,2990000000000000000,Demais Receitas de Capital,S,3,1,RECURSO LIVRE - ADMINISTRAÇÃO DIRETA,000,Não se Aplica,0.00,10431673.82
2019,12,149,PORTO ALEGRE,54909,DEP. MUNICIPAL DE HABITAÇÃO - PORTO ALEGRE,207922,31,DEPARTAMENTO MUNICIPAL DE HABITAÇÃO,1,DEPARTAMENTO MUNICIPAL DE HABITAÇÃO,ATE,2990001000000000000,Demais Receitas de Capital,S,6,1,RECURSO LIVRE - ADMINISTRAÇÃO DIRETA,000,Não se Aplica,0.00,10431673.82
2019,12,149,PORTO ALEGRE,54909,DEP. MUNICIPAL DE HABITAÇÃO - PORTO ALEGRE,207922,31,DEPARTAMENTO MUNICIPAL DE HABITAÇÃO,1,DEPARTAMENTO MUNICIPAL DE HABITAÇÃO,ATE,2990001100000000000,Demais Receitas de Capital - Principal,S,7,1,RECURSO LIVRE - ADMINISTRAÇÃO DIRETA,000,Não se Aplica,0.00,10431673.82
2019,12,149,PORTO ALEGRE,54909,DEP. MUNICIPAL DE HABITAÇÃO - PORTO ALEGRE,207922,31,DEPARTAMENTO MUNICIPAL DE HABITAÇÃO,1,DEPARTAMENTO MUNICIPAL DE HABITAÇÃO,ATE,2990001199000000000,Outras Receitas de Capital Diversas,S,8,1,RECURSO LIVRE - ADMINISTRAÇÃO DIRETA,000,Não se Aplica,0.00,10431673.82
2019,12,149,PORTO ALEGRE,54909,DEP. MUNICIPAL DE HABITAÇÃO - PORTO ALEGRE,207922,31,DEPARTAMENTO MUNICIPAL DE HABITAÇÃO,1,DEPARTAMENTO MUNICIPAL DE HABITAÇÃO,ATE,2990001199010000000,Outras Receitas de Capital Diversas - Principal,S,9,1,RECURSO LIVRE - ADMINISTRAÇÃO DIRETA,000,Não se Aplica,0.00,10431673.82
2019,12,149,PORTO ALEGRE,54909,DEP. MUNICIPAL DE HABITAÇÃO - PORTO ALEGRE,207922,31,DEPARTAMENTO MUNICIPAL DE HABITAÇÃO,1,DEPARTAMENTO MUNICIPAL DE HABITAÇÃO,ATE,2990001199019800000,Outorga Onerosa Diversas,S,10,1,RECURSO LIVRE - ADMINISTRAÇÃO DIRETA,000,Não se Aplica,0.00,10431673.82
2019,12,149,PORTO ALEGRE,54909,DEP. MUNICIPAL DE HABITAÇÃO - PORTO ALEGRE,207922,31,DEPARTAMENTO MUNICIPAL DE HABITAÇÃO,1,DEPARTAMENTO MUNICIPAL DE HABITAÇÃO,ATE,2990001199019879030,Outorga Onerosa - Índice Construtivo - Solo Criado - FMHIS,A,11,7903,RECURSOS FUNDO MUNICIPAL DE HABITAÇÃO DE INTERESSE SOCIAL,000,Não se Aplica,0.00,10431673.82
